customer_id,customer_name,segment,region,city,customer_since
C10000,Customer_1,Corporate,North,Delhi,2022-09-30
C10001,Customer_2,Corporate,South,Chennai,2020-12-22
C10002,Customer_3,Consumer,East,Kolkata,2022-06-14
C10003,Customer_4,Corporate,South,Bengaluru,2024-09-14
C10004,Customer_5,Corporate,South,Kochi,2020-01-27
C10005,Customer_6,Consumer,South,Kochi,2021-09-28
C10006,Customer_7,Consumer,South,Hyderabad,2024-04-05
C10007,Customer_8,Small Business,North,Lucknow,2022-12-19
C10008,Customer_9,Consumer,North,Chandigarh,2024-03-30
C10009,Customer_10,Small Business,North,Lucknow,2024-01-21
C10010,Customer_11,Consumer,South,Bengaluru,2022-07-22
C10011,Customer_12,Small Business,West,Mumbai,2021-02-17
C10012,Customer_13,Consumer,East,Patna,2024-02-03
C10013,Customer_14,Consumer,South,Hyderabad,2022-12-29
C10014,Customer_15,Consumer,North,Jaipur,2022-09-29
C10015,Customer_16,Consumer,South,Kochi,2022-06-18
C10016,Customer_17,Consumer,West,Mumbai,2020-05-11
C10017,Customer_18,Consumer,West,Surat,2022-05-14
C10018,Customer_19,Corporate,West,Pune,2024-06-08
C10019,Customer_20,Consumer,East,Bhubaneswar,2022-10-07
C10020,Customer_21,Small Business,West,Surat,2024-06-23
C10021,Customer_22,Small Business,West,Pune,2021-07-20
C10022,Customer_23,Small Business,East,Kolkata,2021-03-25
C10023,Customer_24,Small Business,South,Chennai,2024-09-25
C10024,Customer_25,Consumer,North,Chandigarh,2025-04-01
C10025,Customer_26,Corporate,West,Mumbai,2021-04-14
C10026,Customer_27,Consumer,West,Ahmedabad,2024-11-15
C10027,Customer_28,Consumer,South,Kochi,2022-12-14
C10028,Customer_29,Small Business,South,Bengaluru,2023-05-07
C10029,Customer_30,Consumer,South,Chennai,2021-10-23
C10030,Customer_31,Consumer,North,Lucknow,2021-04-03
C10031,Customer_32,Consumer,West,Ahmedabad,2022-09-13
C10032,Customer_33,Corporate,North,Delhi,2020-10-10
C10033,Customer_34,Corporate,South,Chennai,2021-11-07
C10034,Customer_35,Small Business,West,Surat,2022-04-03
C10035,Customer_36,Small Business,West,Surat,2024-03-09
C10036,Customer_37,Consumer,East,Guwahati,2022-07-09
C10037,Customer_38,Consumer,North,Lucknow,2022-07-31
C10038,Customer_39,Consumer,South,Bengaluru,2020-08-29
C10039,Customer_40,Small Business,South,Bengaluru,2023-09-15
C10040,Customer_41,Consumer,North,Jaipur,2025-06-11
C10041,Customer_42,Corporate,South,Chennai,2025-04-20
C10042,Customer_43,Small Business,South,Kochi,2022-02-18
C10043,Customer_44,Corporate,North,Delhi,2023-12-22
C10044,Customer_45,Consumer,East,Guwahati,2020-08-09
C10045,Customer_46,Consumer,North,Delhi,2023-10-21
C10046,Customer_47,Consumer,North,Jaipur,2025-01-11
C10047,Customer_48,Consumer,South,Kochi,2025-03-09
C10048,Customer_49,Consumer,South,Bengaluru,2021-02-05
C10049,Customer_50,Small Business,North,Delhi,2022-08-26
C10050,Customer_51,Consumer,South,Kochi,2022-05-25
C10051,Customer_52,Consumer,East,Kolkata,2020-01-09
C10052,Customer_53,Small Business,East,Patna,2025-02-06
C10053,Customer_54,Corporate,West,Surat,2025-06-16
C10054,Customer_55,Consumer,South,Chennai,2020-08-27
C10055,Customer_56,Consumer,North,Lucknow,2025-05-06
C10056,Customer_57,Small Business,South,Bengaluru,2020-11-24
C10057,Customer_58,Corporate,South,Bengaluru,2022-08-21
C10058,Customer_59,Small Business,East,Kolkata,2022-10-05
C10059,Customer_60,Consumer,North,Delhi,2023-07-19
C10060,Customer_61,Corporate,West,Pune,2023-07-10
C10061,Customer_62,Consumer,South,Hyderabad,2023-05-13
C10062,Customer_63,Small Business,East,Patna,2020-10-24
C10063,Customer_64,Corporate,North,Chandigarh,2021-02-13
C10064,Customer_65,Consumer,North,Jaipur,2021-06-26
C10065,Customer_66,Small Business,West,Mumbai,2024-02-22
C10066,Customer_67,Consumer,West,Pune,2023-05-24
C10067,Customer_68,Small Business,North,Lucknow,2021-02-28
C10068,Customer_69,Consumer,South,Hyderabad,2021-03-14
C10069,Customer_70,Consumer,South,Hyderabad,2022-05-12
C10070,Customer_71,Corporate,West,Pune,2022-12-17
C10071,Customer_72,Small Business,East,Patna,2020-07-27
C10072,Customer_73,Small Business,North,Chandigarh,2020-06-29
C10073,Customer_74,Small Business,North,Lucknow,2022-12-08
C10074,Customer_75,Corporate,South,Kochi,2024-10-17
C10075,Customer_76,Consumer,North,Delhi,2021-09-02
C10076,Customer_77,Corporate,North,Lucknow,2021-08-29
C10077,Customer_78,Consumer,East,Bhubaneswar,2024-02-02
C10078,Customer_79,Consumer,North,Lucknow,2022-10-19
C10079,Customer_80,Small Business,North,Lucknow,2024-07-22
C10080,Customer_81,Small Business,South,Chennai,2021-12-26
C10081,Customer_82,Consumer,East,Kolkata,2023-09-22
C10082,Customer_83,Consumer,East,Bhubaneswar,2021-03-18
C10083,Customer_84,Small Business,East,Kolkata,2022-06-30
C10084,Customer_85,Consumer,South,Kochi,2022-07-21
C10085,Customer_86,Corporate,South,Bengaluru,2024-06-20
C10086,Customer_87,Small Business,West,Ahmedabad,2023-02-17
C10087,Customer_88,Corporate,West,Surat,2023-09-18
C10088,Customer_89,Small Business,North,Delhi,2022-12-05
C10089,Customer_90,Consumer,South,Hyderabad,2024-11-14
C10090,Customer_91,Consumer,West,Ahmedabad,2025-09-25
C10091,Customer_92,Small Business,North,Chandigarh,2022-02-17
C10092,Customer_93,Corporate,West,Mumbai,2020-01-07
C10093,Customer_94,Consumer,South,Hyderabad,2023-09-14
C10094,Customer_95,Corporate,West,Mumbai,2023-05-15
C10095,Customer_96,Consumer,West,Surat,2023-04-26
C10096,Customer_97,Consumer,South,Chennai,2024-04-01
C10097,Customer_98,Consumer,South,Hyderabad,2020-01-02
C10098,Customer_99,Consumer,West,Ahmedabad,2023-08-12
C10099,Customer_100,Consumer,East,Guwahati,2022-05-25
C10100,Customer_101,Corporate,East,Bhubaneswar,2023-03-08
C10101,Customer_102,Small Business,West,Mumbai,2022-08-20
C10102,Customer_103,Small Business,West,Pune,2021-08-26
C10103,Customer_104,Consumer,North,Delhi,2025-04-30
C10104,Customer_105,Consumer,North,Chandigarh,2022-03-07
C10105,Customer_106,Consumer,East,Guwahati,2021-08-27
C10106,Customer_107,Small Business,North,Delhi,2022-06-15
C10107,Customer_108,Consumer,South,Kochi,2022-10-17
C10108,Customer_109,Consumer,North,Chandigarh,2025-03-18
C10109,Customer_110,Corporate,West,Surat,2025-08-29
C10110,Customer_111,Small Business,East,Guwahati,2025-04-28
C10111,Customer_112,Small Business,East,Patna,2023-02-09
C10112,Customer_113,Consumer,East,Bhubaneswar,2020-11-13
C10113,Customer_114,Consumer,West,Pune,2023-08-02
C10114,Customer_115,Consumer,North,Jaipur,2024-04-17
C10115,Customer_116,Consumer,South,Chennai,2024-07-27
C10116,Customer_117,Consumer,West,Surat,2022-04-27
C10117,Customer_118,Small Business,East,Guwahati,2020-03-21
C10118,Customer_119,Consumer,East,Guwahati,2023-12-11
C10119,Customer_120,Small Business,West,Surat,2024-09-12
C10120,Customer_121,Consumer,South,Kochi,2024-11-20
C10121,Customer_122,Consumer,East,Kolkata,2024-07-14
C10122,Customer_123,Small Business,South,Kochi,2020-04-20
C10123,Customer_124,Consumer,East,Kolkata,2024-10-21
C10124,Customer_125,Consumer,South,Kochi,2022-12-01
C10125,Customer_126,Consumer,East,Patna,2023-08-31
C10126,Customer_127,Consumer,West,Surat,2024-09-22
C10127,Customer_128,Consumer,West,Mumbai,2020-08-01
C10128,Customer_129,Corporate,West,Pune,2020-06-13
C10129,Customer_130,Consumer,North,Jaipur,2020-03-24
C10130,Customer_131,Consumer,South,Chennai,2021-04-13
C10131,Customer_132,Corporate,South,Kochi,2024-02-19
C10132,Customer_133,Small Business,South,Bengaluru,2021-11-01
C10133,Customer_134,Corporate,West,Mumbai,2023-07-01
C10134,Customer_135,Small Business,East,Guwahati,2022-03-23
C10135,Customer_136,Consumer,North,Jaipur,2023-05-20
C10136,Customer_137,Consumer,North,Delhi,2024-10-20
C10137,Customer_138,Consumer,West,Mumbai,2023-10-29
C10138,Customer_139,Small Business,North,Chandigarh,2021-03-08
C10139,Customer_140,Corporate,East,Patna,2025-02-26
C10140,Customer_141,Consumer,South,Kochi,2023-01-11
C10141,Customer_142,Consumer,East,Guwahati,2023-01-04
C10142,Customer_143,Small Business,West,Pune,2020-12-20
C10143,Customer_144,Consumer,West,Surat,2025-03-18
C10144,Customer_145,Consumer,East,Patna,2023-08-24
C10145,Customer_146,Consumer,South,Kochi,2022-11-24
C10146,Customer_147,Small Business,West,Ahmedabad,2023-02-05
C10147,Customer_148,Consumer,North,Jaipur,2024-07-22
C10148,Customer_149,Corporate,East,Bhubaneswar,2025-07-03
C10149,Customer_150,Consumer,East,Kolkata,2022-06-26
C10150,Customer_151,Consumer,East,Bhubaneswar,2024-02-20
C10151,Customer_152,Consumer,East,Patna,2023-09-16
C10152,Customer_153,Consumer,West,Surat,2022-10-26
C10153,Customer_154,Corporate,South,Bengaluru,2023-07-16
C10154,Customer_155,Consumer,North,Jaipur,2025-06-06
C10155,Customer_156,Small Business,West,Ahmedabad,2022-03-06
C10156,Customer_157,Consumer,West,Pune,2023-05-23
C10157,Customer_158,Consumer,North,Jaipur,2020-08-11
C10158,Customer_159,Corporate,West,Pune,2025-07-03
C10159,Customer_160,Corporate,North,Delhi,2025-04-06
C10160,Customer_161,Consumer,East,Guwahati,2020-07-29
C10161,Customer_162,Consumer,West,Surat,2020-09-24
C10162,Customer_163,Consumer,East,Guwahati,2020-08-07
C10163,Customer_164,Small Business,South,Chennai,2023-05-29
C10164,Customer_165,Consumer,North,Jaipur,2024-08-31
C10165,Customer_166,Consumer,South,Kochi,2024-12-18
C10166,Customer_167,Consumer,West,Surat,2020-09-03
C10167,Customer_168,Corporate,North,Jaipur,2022-12-19
C10168,Customer_169,Consumer,North,Jaipur,2020-11-03
C10169,Customer_170,Consumer,South,Bengaluru,2025-04-08
C10170,Customer_171,Consumer,West,Mumbai,2023-03-04
C10171,Customer_172,Corporate,East,Kolkata,2022-12-19
C10172,Customer_173,Consumer,South,Kochi,2022-07-09
C10173,Customer_174,Small Business,South,Hyderabad,2020-10-19
C10174,Customer_175,Small Business,North,Jaipur,2023-03-28
C10175,Customer_176,Consumer,East,Kolkata,2023-05-30
C10176,Customer_177,Consumer,East,Patna,2025-07-15
C10177,Customer_178,Corporate,East,Kolkata,2024-11-04
C10178,Customer_179,Consumer,West,Ahmedabad,2022-07-26
C10179,Customer_180,Corporate,North,Lucknow,2021-12-18
C10180,Customer_181,Small Business,East,Guwahati,2022-01-13
C10181,Customer_182,Small Business,East,Guwahati,2025-04-09
C10182,Customer_183,Consumer,West,Surat,2021-03-04
C10183,Customer_184,Consumer,South,Hyderabad,2025-07-22
C10184,Customer_185,Small Business,West,Surat,2020-05-30
C10185,Customer_186,Consumer,East,Kolkata,2023-08-17
C10186,Customer_187,Small Business,North,Chandigarh,2020-01-05
C10187,Customer_188,Consumer,East,Guwahati,2024-01-21
C10188,Customer_189,Small Business,East,Guwahati,2022-04-13
C10189,Customer_190,Small Business,West,Pune,2024-11-29
C10190,Customer_191,Consumer,East,Kolkata,2022-09-07
C10191,Customer_192,Corporate,South,Hyderabad,2024-07-29
C10192,Customer_193,Small Business,North,Jaipur,2021-04-09
C10193,Customer_194,Corporate,East,Kolkata,2021-09-22
C10194,Customer_195,Consumer,East,Patna,2023-01-24
C10195,Customer_196,Small Business,East,Guwahati,2022-09-25
C10196,Customer_197,Consumer,East,Bhubaneswar,2025-09-12
C10197,Customer_198,Consumer,South,Bengaluru,2024-08-26
C10198,Customer_199,Small Business,West,Ahmedabad,2023-03-04
C10199,Customer_200,Small Business,West,Surat,2025-01-03
C10200,Customer_201,Consumer,East,Patna,2024-03-25
C10201,Customer_202,Small Business,East,Patna,2022-09-05
C10202,Customer_203,Small Business,East,Bhubaneswar,2024-08-09
C10203,Customer_204,Corporate,North,Lucknow,2024-04-10
C10204,Customer_205,Consumer,East,Bhubaneswar,2020-05-31
C10205,Customer_206,Small Business,South,Hyderabad,2024-12-08
C10206,Customer_207,Consumer,North,Chandigarh,2021-08-13
C10207,Customer_208,Consumer,East,Bhubaneswar,2022-12-21
C10208,Customer_209,Corporate,West,Surat,2023-09-07
C10209,Customer_210,Corporate,East,Patna,2025-06-21
C10210,Customer_211,Consumer,North,Delhi,2023-03-23
C10211,Customer_212,Consumer,South,Bengaluru,2021-02-07
C10212,Customer_213,Consumer,North,Chandigarh,2023-05-11
C10213,Customer_214,Consumer,North,Delhi,2020-08-17
C10214,Customer_215,Consumer,West,Ahmedabad,2021-08-19
C10215,Customer_216,Corporate,South,Kochi,2022-01-07
C10216,Customer_217,Consumer,South,Chennai,2024-04-15
C10217,Customer_218,Small Business,South,Kochi,2021-08-09
C10218,Customer_219,Corporate,South,Kochi,2025-02-25
C10219,Customer_220,Small Business,West,Mumbai,2025-03-20
C10220,Customer_221,Consumer,West,Pune,2023-11-16
C10221,Customer_222,Corporate,West,Surat,2025-02-14
C10222,Customer_223,Small Business,West,Pune,2025-06-02
C10223,Customer_224,Consumer,North,Jaipur,2024-01-10
C10224,Customer_225,Consumer,West,Ahmedabad,2024-06-09
C10225,Customer_226,Corporate,West,Mumbai,2020-07-19
C10226,Customer_227,Small Business,East,Patna,2022-07-31
C10227,Customer_228,Corporate,West,Pune,2022-10-23
C10228,Customer_229,Small Business,South,Bengaluru,2020-06-10
C10229,Customer_230,Consumer,West,Surat,2024-02-03
C10230,Customer_231,Small Business,South,Bengaluru,2023-08-31
C10231,Customer_232,Consumer,East,Bhubaneswar,2024-02-07
C10232,Customer_233,Consumer,West,Pune,2025-05-27
C10233,Customer_234,Small Business,West,Ahmedabad,2025-04-02
C10234,Customer_235,Small Business,North,Jaipur,2022-07-13
C10235,Customer_236,Consumer,East,Patna,2024-06-04
C10236,Customer_237,Consumer,North,Lucknow,2025-02-05
C10237,Customer_238,Corporate,West,Ahmedabad,2024-03-01
C10238,Customer_239,Consumer,North,Jaipur,2023-09-05
C10239,Customer_240,Corporate,South,Bengaluru,2025-03-16
C10240,Customer_241,Consumer,West,Surat,2020-07-04
C10241,Customer_242,Small Business,North,Lucknow,2021-04-20
C10242,Customer_243,Small Business,North,Jaipur,2021-07-09
C10243,Customer_244,Consumer,East,Guwahati,2024-09-12
C10244,Customer_245,Corporate,South,Kochi,2025-06-27
C10245,Customer_246,Consumer,East,Patna,2024-02-26
C10246,Customer_247,Consumer,South,Kochi,2022-08-25
C10247,Customer_248,Small Business,West,Mumbai,2024-02-13
C10248,Customer_249,Consumer,West,Mumbai,2022-02-16
C10249,Customer_250,Consumer,North,Chandigarh,2022-05-18
C10250,Customer_251,Small Business,North,Delhi,2022-09-24
C10251,Customer_252,Consumer,South,Chennai,2022-04-28
C10252,Customer_253,Consumer,South,Chennai,2021-08-27
C10253,Customer_254,Small Business,North,Lucknow,2021-08-15
C10254,Customer_255,Small Business,South,Hyderabad,2021-03-26
C10255,Customer_256,Consumer,North,Jaipur,2022-09-01
C10256,Customer_257,Consumer,West,Mumbai,2020-08-02
C10257,Customer_258,Consumer,South,Kochi,2020-09-17
C10258,Customer_259,Small Business,East,Guwahati,2021-03-22
C10259,Customer_260,Small Business,East,Bhubaneswar,2020-06-26
C10260,Customer_261,Corporate,West,Surat,2020-05-07
C10261,Customer_262,Small Business,North,Chandigarh,2024-10-12
C10262,Customer_263,Corporate,North,Chandigarh,2024-12-21
C10263,Customer_264,Consumer,North,Delhi,2021-08-30
C10264,Customer_265,Consumer,North,Jaipur,2023-08-24
C10265,Customer_266,Consumer,East,Patna,2024-10-28
C10266,Customer_267,Small Business,North,Delhi,2022-05-30
C10267,Customer_268,Small Business,East,Guwahati,2024-08-21
C10268,Customer_269,Consumer,West,Surat,2021-01-24
C10269,Customer_270,Consumer,West,Surat,2022-11-10
C10270,Customer_271,Corporate,West,Pune,2025-04-26
C10271,Customer_272,Small Business,North,Delhi,2021-01-16
C10272,Customer_273,Corporate,East,Kolkata,2024-03-06
C10273,Customer_274,Corporate,South,Bengaluru,2023-09-12
C10274,Customer_275,Consumer,North,Chandigarh,2024-09-28
C10275,Customer_276,Corporate,North,Lucknow,2023-12-11
C10276,Customer_277,Consumer,North,Jaipur,2025-05-29
C10277,Customer_278,Consumer,South,Bengaluru,2024-02-14
C10278,Customer_279,Corporate,North,Lucknow,2024-10-23
C10279,Customer_280,Consumer,North,Lucknow,2023-01-24
C10280,Customer_281,Consumer,West,Ahmedabad,2022-01-13
C10281,Customer_282,Consumer,South,Kochi,2020-05-05
C10282,Customer_283,Consumer,North,Jaipur,2025-02-01
C10283,Customer_284,Consumer,West,Pune,2023-08-21
C10284,Customer_285,Consumer,North,Delhi,2020-07-22
C10285,Customer_286,Consumer,North,Lucknow,2024-10-02
C10286,Customer_287,Consumer,East,Guwahati,2022-06-01
C10287,Customer_288,Consumer,North,Lucknow,2023-03-06
C10288,Customer_289,Consumer,East,Patna,2024-06-06
C10289,Customer_290,Consumer,North,Delhi,2022-05-15
C10290,Customer_291,Consumer,South,Hyderabad,2021-05-06
C10291,Customer_292,Corporate,North,Chandigarh,2021-12-20
C10292,Customer_293,Consumer,South,Kochi,2022-07-31
C10293,Customer_294,Consumer,West,Mumbai,2020-06-22
C10294,Customer_295,Consumer,East,Kolkata,2020-11-14
C10295,Customer_296,Corporate,West,Surat,2024-09-06
C10296,Customer_297,Consumer,West,Mumbai,2023-08-23
C10297,Customer_298,Small Business,South,Kochi,2024-01-22
C10298,Customer_299,Small Business,North,Chandigarh,2022-09-23
C10299,Customer_300,Consumer,East,Guwahati,2024-06-09
C10300,Customer_301,Consumer,West,Ahmedabad,2021-11-19
C10301,Customer_302,Consumer,North,Delhi,2022-03-05
C10302,Customer_303,Corporate,West,Ahmedabad,2021-08-27
C10303,Customer_304,Consumer,South,Bengaluru,2022-03-19
C10304,Customer_305,Small Business,South,Chennai,2020-11-04
C10305,Customer_306,Consumer,South,Kochi,2025-01-12
C10306,Customer_307,Consumer,West,Ahmedabad,2020-10-06
C10307,Customer_308,Corporate,East,Guwahati,2023-01-30
C10308,Customer_309,Consumer,North,Lucknow,2023-06-25
C10309,Customer_310,Consumer,East,Guwahati,2024-02-19
C10310,Customer_311,Corporate,West,Mumbai,2021-01-04
C10311,Customer_312,Corporate,East,Guwahati,2020-06-17
C10312,Customer_313,Consumer,East,Bhubaneswar,2025-05-02
C10313,Customer_314,Consumer,South,Bengaluru,2023-11-07
C10314,Customer_315,Consumer,North,Jaipur,2024-11-28
C10315,Customer_316,Consumer,East,Bhubaneswar,2023-03-04
C10316,Customer_317,Small Business,East,Guwahati,2020-08-02
C10317,Customer_318,Consumer,West,Mumbai,2024-05-02
C10318,Customer_319,Corporate,West,Ahmedabad,2021-09-07
C10319,Customer_320,Corporate,West,Mumbai,2021-08-02
C10320,Customer_321,Small Business,West,Ahmedabad,2024-05-24
C10321,Customer_322,Consumer,South,Bengaluru,2024-03-22
C10322,Customer_323,Corporate,West,Pune,2021-01-17
C10323,Customer_324,Consumer,East,Patna,2023-06-19
C10324,Customer_325,Consumer,South,Chennai,2025-06-14
C10325,Customer_326,Small Business,South,Chennai,2021-09-26
C10326,Customer_327,Small Business,North,Lucknow,2021-02-18
C10327,Customer_328,Small Business,North,Lucknow,2021-06-20
C10328,Customer_329,Consumer,East,Bhubaneswar,2021-11-09
C10329,Customer_330,Consumer,East,Kolkata,2022-08-30
C10330,Customer_331,Small Business,East,Patna,2025-01-12
C10331,Customer_332,Consumer,South,Chennai,2025-04-05
C10332,Customer_333,Corporate,South,Hyderabad,2024-12-09
C10333,Customer_334,Small Business,East,Patna,2025-08-21
C10334,Customer_335,Small Business,East,Bhubaneswar,2021-07-20
C10335,Customer_336,Corporate,West,Mumbai,2024-02-29
C10336,Customer_337,Consumer,North,Delhi,2021-10-18
C10337,Customer_338,Small Business,West,Surat,2021-08-26
C10338,Customer_339,Small Business,East,Kolkata,2022-06-28
C10339,Customer_340,Small Business,East,Patna,2024-08-26
C10340,Customer_341,Consumer,North,Chandigarh,2022-08-23
C10341,Customer_342,Consumer,East,Kolkata,2020-04-25
C10342,Customer_343,Small Business,West,Mumbai,2023-10-05
C10343,Customer_344,Consumer,South,Chennai,2025-04-19
C10344,Customer_345,Consumer,South,Kochi,2020-01-22
C10345,Customer_346,Consumer,North,Delhi,2021-09-04
C10346,Customer_347,Small Business,East,Kolkata,2022-08-31
C10347,Customer_348,Consumer,West,Mumbai,2024-09-15
C10348,Customer_349,Consumer,East,Kolkata,2025-08-09
C10349,Customer_350,Corporate,North,Jaipur,2023-04-08
C10350,Customer_351,Corporate,East,Kolkata,2022-09-12
C10351,Customer_352,Corporate,East,Bhubaneswar,2020-12-16
C10352,Customer_353,Small Business,West,Mumbai,2025-09-09
C10353,Customer_354,Small Business,North,Chandigarh,2020-06-27
C10354,Customer_355,Consumer,East,Patna,2020-03-07
C10355,Customer_356,Consumer,West,Mumbai,2021-02-28
C10356,Customer_357,Consumer,West,Pune,2023-10-18
C10357,Customer_358,Small Business,South,Kochi,2025-05-14
C10358,Customer_359,Consumer,South,Chennai,2025-02-17
C10359,Customer_360,Consumer,North,Lucknow,2022-03-28
C10360,Customer_361,Small Business,North,Lucknow,2024-06-19
C10361,Customer_362,Consumer,East,Patna,2022-02-21
C10362,Customer_363,Small Business,West,Ahmedabad,2020-07-14
C10363,Customer_364,Consumer,West,Ahmedabad,2024-02-16
C10364,Customer_365,Corporate,East,Guwahati,2024-05-02
C10365,Customer_366,Consumer,West,Pune,2025-07-30
C10366,Customer_367,Small Business,West,Ahmedabad,2024-10-04
C10367,Customer_368,Corporate,North,Chandigarh,2022-01-09
C10368,Customer_369,Consumer,West,Ahmedabad,2023-09-05
C10369,Customer_370,Consumer,West,Ahmedabad,2024-10-11
C10370,Customer_371,Consumer,South,Kochi,2020-06-22
C10371,Customer_372,Consumer,West,Surat,2020-08-22
C10372,Customer_373,Consumer,North,Chandigarh,2021-10-17
C10373,Customer_374,Small Business,North,Jaipur,2024-11-29
C10374,Customer_375,Consumer,North,Jaipur,2024-02-09
C10375,Customer_376,Small Business,West,Surat,2020-05-12
C10376,Customer_377,Small Business,South,Kochi,2024-03-03
C10377,Customer_378,Corporate,East,Kolkata,2024-02-12
C10378,Customer_379,Corporate,East,Patna,2022-10-19
C10379,Customer_380,Corporate,North,Delhi,2025-08-06
C10380,Customer_381,Consumer,East,Kolkata,2022-12-02
C10381,Customer_382,Small Business,East,Bhubaneswar,2023-03-15
C10382,Customer_383,Consumer,East,Bhubaneswar,2020-10-30
C10383,Customer_384,Small Business,East,Bhubaneswar,2024-12-28
C10384,Customer_385,Corporate,North,Lucknow,2020-09-22
C10385,Customer_386,Small Business,West,Ahmedabad,2021-12-14
C10386,Customer_387,Consumer,West,Pune,2022-04-03
C10387,Customer_388,Small Business,South,Chennai,2020-04-17
C10388,Customer_389,Consumer,West,Ahmedabad,2021-06-15
C10389,Customer_390,Consumer,North,Delhi,2025-05-14
C10390,Customer_391,Small Business,East,Guwahati,2020-10-29
C10391,Customer_392,Corporate,South,Hyderabad,2025-01-17
C10392,Customer_393,Consumer,East,Patna,2022-01-15
C10393,Customer_394,Consumer,South,Kochi,2020-08-14
C10394,Customer_395,Consumer,North,Jaipur,2021-10-25
C10395,Customer_396,Consumer,West,Pune,2023-03-09
C10396,Customer_397,Consumer,North,Lucknow,2023-01-29
C10397,Customer_398,Corporate,South,Hyderabad,2021-01-17
C10398,Customer_399,Consumer,South,Chennai,2023-10-14
C10399,Customer_400,Consumer,North,Delhi,2022-12-20
C10400,Customer_401,Corporate,South,Kochi,2020-05-04
C10401,Customer_402,Corporate,East,Patna,2023-05-22
C10402,Customer_403,Small Business,East,Bhubaneswar,2024-07-21
C10403,Customer_404,Consumer,West,Surat,2020-09-02
C10404,Customer_405,Consumer,South,Kochi,2025-03-17
C10405,Customer_406,Corporate,South,Hyderabad,2023-07-04
C10406,Customer_407,Small Business,West,Ahmedabad,2021-06-19
C10407,Customer_408,Consumer,West,Mumbai,2025-03-25
C10408,Customer_409,Consumer,North,Lucknow,2021-07-31
C10409,Customer_410,Consumer,North,Delhi,2024-04-22
C10410,Customer_411,Small Business,East,Bhubaneswar,2021-10-16
C10411,Customer_412,Consumer,West,Ahmedabad,2021-10-14
C10412,Customer_413,Consumer,East,Guwahati,2023-06-17
C10413,Customer_414,Consumer,East,Kolkata,2024-05-29
C10414,Customer_415,Consumer,East,Bhubaneswar,2023-12-16
C10415,Customer_416,Consumer,North,Delhi,2025-04-11
C10416,Customer_417,Small Business,West,Mumbai,2024-10-31
C10417,Customer_418,Corporate,South,Hyderabad,2024-07-09
C10418,Customer_419,Consumer,West,Mumbai,2022-03-08
C10419,Customer_420,Consumer,West,Ahmedabad,2025-08-27
C10420,Customer_421,Small Business,East,Patna,2021-05-01
C10421,Customer_422,Consumer,South,Bengaluru,2023-10-20
C10422,Customer_423,Consumer,West,Pune,2025-09-16
C10423,Customer_424,Consumer,East,Kolkata,2021-07-15
C10424,Customer_425,Consumer,West,Surat,2021-09-02
C10425,Customer_426,Small Business,South,Hyderabad,2023-07-28
C10426,Customer_427,Small Business,South,Kochi,2023-05-10
C10427,Customer_428,Corporate,West,Surat,2023-05-12
C10428,Customer_429,Consumer,East,Kolkata,2021-03-24
C10429,Customer_430,Small Business,East,Patna,2020-04-19
C10430,Customer_431,Small Business,East,Patna,2022-07-21
C10431,Customer_432,Consumer,North,Chandigarh,2024-04-06
C10432,Customer_433,Consumer,South,Chennai,2021-03-26
C10433,Customer_434,Consumer,South,Bengaluru,2024-09-11
C10434,Customer_435,Corporate,South,Kochi,2024-08-07
C10435,Customer_436,Corporate,East,Kolkata,2022-04-29
C10436,Customer_437,Consumer,West,Surat,2023-07-09
C10437,Customer_438,Small Business,South,Kochi,2023-11-03
C10438,Customer_439,Corporate,West,Ahmedabad,2022-02-26
C10439,Customer_440,Corporate,South,Hyderabad,2022-07-10
C10440,Customer_441,Corporate,West,Ahmedabad,2025-06-25
C10441,Customer_442,Consumer,West,Surat,2023-01-25
C10442,Customer_443,Corporate,West,Mumbai,2024-04-04
C10443,Customer_444,Small Business,East,Patna,2021-08-22
C10444,Customer_445,Consumer,West,Mumbai,2020-11-19
C10445,Customer_446,Corporate,West,Surat,2025-05-16
C10446,Customer_447,Small Business,South,Chennai,2023-01-15
C10447,Customer_448,Consumer,West,Pune,2022-09-07
C10448,Customer_449,Corporate,South,Bengaluru,2022-07-13
C10449,Customer_450,Consumer,South,Bengaluru,2023-09-14
C10450,Customer_451,Corporate,East,Kolkata,2021-07-17
C10451,Customer_452,Consumer,North,Jaipur,2025-05-02
C10452,Customer_453,Small Business,East,Bhubaneswar,2023-03-22
C10453,Customer_454,Corporate,West,Ahmedabad,2021-01-01
C10454,Customer_455,Small Business,South,Bengaluru,2021-12-18
C10455,Customer_456,Small Business,East,Bhubaneswar,2020-05-28
C10456,Customer_457,Consumer,East,Guwahati,2023-03-31
C10457,Customer_458,Consumer,North,Delhi,2021-03-15
C10458,Customer_459,Consumer,West,Ahmedabad,2025-07-16
C10459,Customer_460,Consumer,South,Kochi,2021-04-06
C10460,Customer_461,Corporate,West,Pune,2022-11-19
C10461,Customer_462,Corporate,South,Bengaluru,2023-04-23
C10462,Customer_463,Corporate,South,Chennai,2024-07-18
C10463,Customer_464,Consumer,East,Patna,2021-01-25
C10464,Customer_465,Consumer,South,Chennai,2022-10-13
C10465,Customer_466,Consumer,North,Lucknow,2025-01-03
C10466,Customer_467,Consumer,West,Ahmedabad,2020-02-16
C10467,Customer_468,Corporate,West,Ahmedabad,2020-09-11
C10468,Customer_469,Consumer,North,Chandigarh,2024-07-18
C10469,Customer_470,Corporate,West,Mumbai,2023-04-23
C10470,Customer_471,Consumer,West,Pune,2021-07-01
C10471,Customer_472,Consumer,East,Bhubaneswar,2024-03-10
C10472,Customer_473,Small Business,East,Guwahati,2022-06-13
C10473,Customer_474,Consumer,South,Bengaluru,2024-01-21
C10474,Customer_475,Consumer,North,Delhi,2025-09-01
C10475,Customer_476,Consumer,South,Chennai,2024-12-14
C10476,Customer_477,Corporate,North,Jaipur,2025-06-25
C10477,Customer_478,Small Business,North,Chandigarh,2025-01-31
C10478,Customer_479,Consumer,South,Kochi,2020-08-24
C10479,Customer_480,Corporate,East,Patna,2024-06-09
C10480,Customer_481,Corporate,West,Mumbai,2020-10-26
C10481,Customer_482,Consumer,North,Chandigarh,2020-09-18
C10482,Customer_483,Small Business,North,Delhi,2025-04-17
C10483,Customer_484,Consumer,North,Lucknow,2021-07-08
C10484,Customer_485,Small Business,East,Patna,2024-04-15
C10485,Customer_486,Consumer,East,Guwahati,2021-06-28
C10486,Customer_487,Consumer,West,Mumbai,2024-05-28
C10487,Customer_488,Small Business,South,Chennai,2020-04-03
C10488,Customer_489,Corporate,West,Surat,2024-10-03
C10489,Customer_490,Consumer,East,Bhubaneswar,2023-11-18
C10490,Customer_491,Consumer,South,Hyderabad,2021-04-07
C10491,Customer_492,Corporate,North,Chandigarh,2020-03-05
C10492,Customer_493,Consumer,South,Chennai,2020-05-17
C10493,Customer_494,Consumer,East,Kolkata,2020-06-30
C10494,Customer_495,Consumer,East,Guwahati,2022-06-08
C10495,Customer_496,Consumer,North,Jaipur,2023-03-30
C10496,Customer_497,Corporate,South,Hyderabad,2023-08-06
C10497,Customer_498,Small Business,South,Hyderabad,2022-06-24
C10498,Customer_499,Consumer,East,Patna,2021-12-18
C10499,Customer_500,Consumer,East,Guwahati,2023-11-11
C10500,Customer_501,Corporate,East,Patna,2024-07-30
C10501,Customer_502,Consumer,South,Hyderabad,2025-04-23
C10502,Customer_503,Consumer,South,Chennai,2021-08-14
C10503,Customer_504,Corporate,East,Kolkata,2024-09-02
C10504,Customer_505,Consumer,South,Kochi,2022-04-12
C10505,Customer_506,Small Business,West,Mumbai,2024-02-28
C10506,Customer_507,Consumer,North,Jaipur,2024-03-24
C10507,Customer_508,Consumer,North,Delhi,2022-06-07
C10508,Customer_509,Small Business,East,Bhubaneswar,2023-09-25
C10509,Customer_510,Consumer,West,Mumbai,2022-02-17
C10510,Customer_511,Small Business,North,Chandigarh,2022-04-17
C10511,Customer_512,Corporate,East,Bhubaneswar,2023-03-05
C10512,Customer_513,Consumer,East,Guwahati,2024-01-11
C10513,Customer_514,Consumer,West,Ahmedabad,2025-07-29
C10514,Customer_515,Small Business,East,Kolkata,2025-04-07
C10515,Customer_516,Consumer,West,Pune,2024-08-22
C10516,Customer_517,Corporate,North,Jaipur,2020-03-07
C10517,Customer_518,Consumer,West,Surat,2022-03-14
C10518,Customer_519,Consumer,West,Pune,2022-10-03
C10519,Customer_520,Consumer,East,Patna,2025-06-24
C10520,Customer_521,Consumer,East,Guwahati,2023-12-13
C10521,Customer_522,Corporate,South,Chennai,2025-06-23
C10522,Customer_523,Consumer,South,Bengaluru,2020-10-31
C10523,Customer_524,Consumer,North,Delhi,2022-08-05
C10524,Customer_525,Consumer,North,Jaipur,2025-09-02
C10525,Customer_526,Consumer,East,Patna,2025-06-02
C10526,Customer_527,Consumer,East,Kolkata,2024-08-11
C10527,Customer_528,Consumer,North,Delhi,2023-01-30
C10528,Customer_529,Consumer,West,Mumbai,2024-10-29
C10529,Customer_530,Small Business,South,Bengaluru,2021-09-01
C10530,Customer_531,Corporate,South,Chennai,2022-10-30
C10531,Customer_532,Small Business,West,Ahmedabad,2020-11-19
C10532,Customer_533,Consumer,West,Surat,2022-09-23
C10533,Customer_534,Corporate,South,Hyderabad,2020-11-26
C10534,Customer_535,Consumer,North,Delhi,2024-03-24
C10535,Customer_536,Corporate,East,Kolkata,2021-12-02
C10536,Customer_537,Small Business,North,Chandigarh,2023-09-18
C10537,Customer_538,Consumer,North,Delhi,2025-05-01
C10538,Customer_539,Small Business,West,Mumbai,2023-02-22
C10539,Customer_540,Small Business,North,Jaipur,2023-07-12
C10540,Customer_541,Corporate,North,Jaipur,2024-06-19
C10541,Customer_542,Consumer,North,Lucknow,2022-09-11
C10542,Customer_543,Consumer,East,Patna,2021-07-27
C10543,Customer_544,Consumer,North,Lucknow,2024-11-25
C10544,Customer_545,Consumer,South,Bengaluru,2024-06-12
C10545,Customer_546,Corporate,West,Mumbai,2025-01-19
C10546,Customer_547,Consumer,East,Bhubaneswar,2024-03-17
C10547,Customer_548,Corporate,East,Bhubaneswar,2024-04-05
C10548,Customer_549,Small Business,North,Lucknow,2020-10-28
C10549,Customer_550,Consumer,North,Lucknow,2021-09-23
C10550,Customer_551,Consumer,East,Patna,2021-01-09
C10551,Customer_552,Consumer,North,Lucknow,2023-01-09
C10552,Customer_553,Consumer,North,Jaipur,2024-10-31
C10553,Customer_554,Consumer,East,Guwahati,2021-01-02
C10554,Customer_555,Corporate,West,Mumbai,2023-08-21
C10555,Customer_556,Consumer,East,Kolkata,2024-05-07
C10556,Customer_557,Corporate,North,Jaipur,2021-11-25
C10557,Customer_558,Consumer,East,Bhubaneswar,2023-05-18
C10558,Customer_559,Consumer,West,Surat,2021-11-15
C10559,Customer_560,Consumer,East,Patna,2025-06-06
C10560,Customer_561,Consumer,North,Lucknow,2022-10-07
C10561,Customer_562,Consumer,East,Bhubaneswar,2021-07-08
C10562,Customer_563,Small Business,West,Mumbai,2023-09-22
C10563,Customer_564,Consumer,East,Patna,2024-10-29
C10564,Customer_565,Consumer,South,Hyderabad,2022-04-02
C10565,Customer_566,Consumer,East,Patna,2024-06-19
C10566,Customer_567,Corporate,West,Ahmedabad,2025-07-04
C10567,Customer_568,Consumer,South,Hyderabad,2024-05-28
C10568,Customer_569,Small Business,West,Mumbai,2022-03-29
C10569,Customer_570,Small Business,South,Bengaluru,2025-03-05
C10570,Customer_571,Small Business,South,Kochi,2020-10-10
C10571,Customer_572,Consumer,East,Guwahati,2023-05-25
C10572,Customer_573,Corporate,South,Hyderabad,2024-09-29
C10573,Customer_574,Consumer,East,Kolkata,2025-05-16
C10574,Customer_575,Consumer,East,Guwahati,2024-01-12
C10575,Customer_576,Small Business,North,Delhi,2023-12-25
C10576,Customer_577,Corporate,South,Bengaluru,2024-06-24
C10577,Customer_578,Consumer,West,Surat,2021-02-07
C10578,Customer_579,Consumer,West,Pune,2022-06-24
C10579,Customer_580,Consumer,East,Patna,2025-08-11
C10580,Customer_581,Small Business,South,Hyderabad,2025-05-31
C10581,Customer_582,Consumer,North,Lucknow,2020-12-17
C10582,Customer_583,Consumer,North,Jaipur,2023-11-06
C10583,Customer_584,Consumer,East,Bhubaneswar,2023-11-27
C10584,Customer_585,Consumer,East,Kolkata,2025-01-27
C10585,Customer_586,Consumer,West,Mumbai,2021-04-16
C10586,Customer_587,Corporate,North,Lucknow,2021-11-04
C10587,Customer_588,Corporate,South,Chennai,2023-09-17
C10588,Customer_589,Consumer,East,Guwahati,2024-07-17
C10589,Customer_590,Corporate,South,Chennai,2024-11-05
C10590,Customer_591,Corporate,East,Kolkata,2022-03-19
C10591,Customer_592,Consumer,East,Guwahati,2022-05-29
C10592,Customer_593,Small Business,South,Hyderabad,2020-09-13
C10593,Customer_594,Consumer,North,Jaipur,2022-03-18
C10594,Customer_595,Consumer,East,Kolkata,2025-06-27
C10595,Customer_596,Corporate,West,Surat,2021-04-12
C10596,Customer_597,Small Business,West,Ahmedabad,2021-12-07
C10597,Customer_598,Corporate,West,Mumbai,2023-07-06
C10598,Customer_599,Consumer,North,Jaipur,2022-01-19
C10599,Customer_600,Consumer,West,Pune,2024-09-09
C10600,Customer_601,Consumer,South,Kochi,2025-06-16
C10601,Customer_602,Consumer,South,Chennai,2021-07-28
C10602,Customer_603,Small Business,South,Hyderabad,2020-08-07
C10603,Customer_604,Consumer,West,Mumbai,2022-03-10
C10604,Customer_605,Consumer,East,Guwahati,2025-07-07
C10605,Customer_606,Consumer,East,Guwahati,2020-12-04
C10606,Customer_607,Consumer,North,Jaipur,2023-01-30
C10607,Customer_608,Consumer,South,Hyderabad,2025-02-16
C10608,Customer_609,Corporate,East,Kolkata,2023-01-02
C10609,Customer_610,Small Business,West,Mumbai,2024-12-12
C10610,Customer_611,Consumer,South,Kochi,2022-10-10
C10611,Customer_612,Consumer,West,Mumbai,2023-11-28
C10612,Customer_613,Small Business,North,Chandigarh,2021-04-25
C10613,Customer_614,Small Business,South,Chennai,2023-12-07
C10614,Customer_615,Corporate,East,Bhubaneswar,2022-04-26
C10615,Customer_616,Corporate,South,Bengaluru,2023-02-25
C10616,Customer_617,Small Business,South,Hyderabad,2023-04-13
C10617,Customer_618,Small Business,West,Ahmedabad,2021-01-25
C10618,Customer_619,Small Business,South,Kochi,2023-02-09
C10619,Customer_620,Consumer,South,Chennai,2023-08-12
C10620,Customer_621,Consumer,South,Kochi,2023-01-05
C10621,Customer_622,Consumer,East,Guwahati,2021-01-16
C10622,Customer_623,Corporate,East,Patna,2024-02-20
C10623,Customer_624,Consumer,East,Guwahati,2020-01-11
C10624,Customer_625,Corporate,North,Chandigarh,2024-01-07
C10625,Customer_626,Consumer,North,Chandigarh,2024-10-25
C10626,Customer_627,Consumer,South,Kochi,2023-03-07
C10627,Customer_628,Corporate,West,Pune,2025-06-10
C10628,Customer_629,Consumer,West,Mumbai,2025-02-25
C10629,Customer_630,Small Business,North,Delhi,2021-10-09
C10630,Customer_631,Consumer,East,Guwahati,2024-10-18
C10631,Customer_632,Small Business,South,Chennai,2023-05-21
C10632,Customer_633,Consumer,South,Hyderabad,2024-01-16
C10633,Customer_634,Consumer,West,Mumbai,2021-11-08
C10634,Customer_635,Corporate,North,Chandigarh,2022-08-17
C10635,Customer_636,Corporate,East,Kolkata,2020-01-05
C10636,Customer_637,Consumer,South,Kochi,2022-07-15
C10637,Customer_638,Consumer,East,Kolkata,2023-11-08
C10638,Customer_639,Corporate,North,Chandigarh,2025-05-10
C10639,Customer_640,Consumer,North,Jaipur,2021-02-23
C10640,Customer_641,Consumer,North,Lucknow,2023-05-10
C10641,Customer_642,Small Business,South,Kochi,2021-06-29
C10642,Customer_643,Consumer,South,Bengaluru,2020-02-04
C10643,Customer_644,Consumer,South,Kochi,2022-05-22
C10644,Customer_645,Corporate,South,Kochi,2024-12-17
C10645,Customer_646,Small Business,South,Bengaluru,2021-07-27
C10646,Customer_647,Consumer,North,Chandigarh,2024-10-24
C10647,Customer_648,Consumer,West,Pune,2020-12-11
C10648,Customer_649,Small Business,South,Hyderabad,2020-04-19
C10649,Customer_650,Consumer,West,Pune,2025-09-18
C10650,Customer_651,Consumer,South,Kochi,2020-08-11
C10651,Customer_652,Consumer,South,Kochi,2022-09-14
C10652,Customer_653,Consumer,East,Kolkata,2020-02-19
C10653,Customer_654,Consumer,West,Ahmedabad,2024-09-19
C10654,Customer_655,Small Business,West,Pune,2020-10-25
C10655,Customer_656,Consumer,North,Delhi,2022-06-02
C10656,Customer_657,Small Business,North,Delhi,2024-06-18
C10657,Customer_658,Consumer,West,Surat,2024-07-05
C10658,Customer_659,Consumer,North,Jaipur,2023-06-23
C10659,Customer_660,Small Business,North,Jaipur,2021-09-28
C10660,Customer_661,Corporate,West,Surat,2020-09-27
C10661,Customer_662,Corporate,West,Surat,2022-09-04
C10662,Customer_663,Consumer,North,Jaipur,2024-11-14
C10663,Customer_664,Corporate,North,Chandigarh,2020-08-13
C10664,Customer_665,Consumer,West,Pune,2021-07-16
C10665,Customer_666,Consumer,North,Jaipur,2023-11-21
C10666,Customer_667,Consumer,West,Pune,2023-01-05
C10667,Customer_668,Consumer,North,Delhi,2024-10-24
C10668,Customer_669,Consumer,West,Mumbai,2020-11-11
C10669,Customer_670,Consumer,East,Guwahati,2020-08-15
C10670,Customer_671,Consumer,East,Bhubaneswar,2022-11-10
C10671,Customer_672,Consumer,North,Delhi,2025-09-15
C10672,Customer_673,Small Business,North,Delhi,2020-02-20
C10673,Customer_674,Consumer,South,Bengaluru,2024-04-17
C10674,Customer_675,Small Business,South,Chennai,2020-05-24
C10675,Customer_676,Consumer,East,Bhubaneswar,2024-08-31
C10676,Customer_677,Small Business,West,Ahmedabad,2024-03-07
C10677,Customer_678,Consumer,North,Delhi,2020-07-07
C10678,Customer_679,Small Business,East,Kolkata,2023-03-02
C10679,Customer_680,Consumer,West,Ahmedabad,2025-02-13
C10680,Customer_681,Consumer,North,Lucknow,2023-05-29
C10681,Customer_682,Consumer,South,Kochi,2025-07-13
C10682,Customer_683,Consumer,South,Chennai,2024-08-06
C10683,Customer_684,Consumer,North,Jaipur,2020-02-09
C10684,Customer_685,Small Business,West,Mumbai,2024-03-21
C10685,Customer_686,Consumer,West,Mumbai,2022-09-02
C10686,Customer_687,Small Business,East,Guwahati,2021-08-06
C10687,Customer_688,Consumer,West,Mumbai,2022-08-06
C10688,Customer_689,Consumer,East,Patna,2020-12-13
C10689,Customer_690,Corporate,North,Jaipur,2024-06-03
C10690,Customer_691,Consumer,North,Delhi,2021-06-19
C10691,Customer_692,Consumer,South,Hyderabad,2023-07-14
C10692,Customer_693,Consumer,East,Patna,2023-01-18
C10693,Customer_694,Small Business,South,Bengaluru,2021-07-11
C10694,Customer_695,Consumer,North,Jaipur,2025-01-15
C10695,Customer_696,Consumer,East,Patna,2024-01-07
C10696,Customer_697,Consumer,South,Kochi,2022-12-21
C10697,Customer_698,Consumer,North,Delhi,2023-05-31
C10698,Customer_699,Small Business,North,Jaipur,2023-09-04
C10699,Customer_700,Corporate,South,Bengaluru,2023-12-28
C10700,Customer_701,Corporate,East,Kolkata,2022-12-01
C10701,Customer_702,Small Business,South,Bengaluru,2025-01-26
C10702,Customer_703,Consumer,South,Bengaluru,2021-07-26
C10703,Customer_704,Consumer,North,Delhi,2022-06-29
C10704,Customer_705,Small Business,South,Chennai,2024-03-04
C10705,Customer_706,Small Business,North,Lucknow,2020-11-03
C10706,Customer_707,Consumer,North,Delhi,2024-12-21
C10707,Customer_708,Small Business,South,Bengaluru,2023-09-20
C10708,Customer_709,Small Business,North,Delhi,2020-07-26
C10709,Customer_710,Small Business,South,Kochi,2024-06-05
C10710,Customer_711,Consumer,East,Kolkata,2024-10-13
C10711,Customer_712,Consumer,South,Hyderabad,2022-02-05
C10712,Customer_713,Consumer,West,Ahmedabad,2021-08-31
C10713,Customer_714,Corporate,North,Jaipur,2025-08-05
C10714,Customer_715,Consumer,East,Guwahati,2023-02-19
C10715,Customer_716,Consumer,East,Bhubaneswar,2022-10-17
C10716,Customer_717,Small Business,North,Chandigarh,2024-01-10
C10717,Customer_718,Consumer,East,Guwahati,2025-08-19
C10718,Customer_719,Consumer,West,Surat,2020-04-16
C10719,Customer_720,Consumer,West,Pune,2023-02-24
C10720,Customer_721,Consumer,North,Chandigarh,2022-08-11
C10721,Customer_722,Consumer,South,Bengaluru,2022-09-14
C10722,Customer_723,Small Business,West,Mumbai,2022-06-17
C10723,Customer_724,Small Business,East,Patna,2021-12-12
C10724,Customer_725,Corporate,South,Chennai,2024-01-09
C10725,Customer_726,Small Business,North,Lucknow,2021-08-05
C10726,Customer_727,Consumer,South,Kochi,2021-12-20
C10727,Customer_728,Consumer,East,Kolkata,2022-08-10
C10728,Customer_729,Consumer,South,Bengaluru,2020-01-03
C10729,Customer_730,Small Business,West,Pune,2023-10-27
C10730,Customer_731,Consumer,South,Hyderabad,2021-08-28
C10731,Customer_732,Small Business,South,Bengaluru,2024-02-03
C10732,Customer_733,Corporate,North,Lucknow,2024-06-08
C10733,Customer_734,Consumer,North,Lucknow,2021-07-12
C10734,Customer_735,Small Business,South,Kochi,2025-06-18
C10735,Customer_736,Corporate,West,Pune,2024-01-01
C10736,Customer_737,Consumer,South,Chennai,2023-04-21
C10737,Customer_738,Corporate,South,Chennai,2024-05-22
C10738,Customer_739,Corporate,North,Jaipur,2022-06-23
C10739,Customer_740,Consumer,North,Chandigarh,2020-11-14
C10740,Customer_741,Small Business,South,Hyderabad,2021-11-18
C10741,Customer_742,Consumer,North,Lucknow,2022-12-22
C10742,Customer_743,Corporate,South,Chennai,2023-12-06
C10743,Customer_744,Corporate,West,Mumbai,2020-07-16
C10744,Customer_745,Corporate,East,Guwahati,2021-11-12
C10745,Customer_746,Small Business,East,Guwahati,2023-12-09
C10746,Customer_747,Small Business,East,Kolkata,2022-07-12
C10747,Customer_748,Consumer,South,Kochi,2020-05-16
C10748,Customer_749,Consumer,West,Mumbai,2021-03-04
C10749,Customer_750,Consumer,North,Lucknow,2024-03-17
C10750,Customer_751,Consumer,South,Bengaluru,2021-01-16
C10751,Customer_752,Corporate,West,Surat,2024-11-01
C10752,Customer_753,Consumer,South,Kochi,2021-02-18
C10753,Customer_754,Small Business,West,Pune,2024-08-03
C10754,Customer_755,Consumer,West,Ahmedabad,2021-01-27
C10755,Customer_756,Corporate,North,Chandigarh,2025-07-03
C10756,Customer_757,Consumer,South,Bengaluru,2024-10-17
C10757,Customer_758,Small Business,North,Lucknow,2025-05-21
C10758,Customer_759,Consumer,South,Bengaluru,2021-11-30
C10759,Customer_760,Consumer,West,Mumbai,2021-04-18
C10760,Customer_761,Consumer,West,Surat,2022-12-21
C10761,Customer_762,Consumer,North,Chandigarh,2024-04-11
C10762,Customer_763,Consumer,West,Pune,2022-12-14
C10763,Customer_764,Consumer,East,Guwahati,2023-01-05
C10764,Customer_765,Small Business,North,Jaipur,2021-01-31
C10765,Customer_766,Small Business,North,Lucknow,2024-08-22
C10766,Customer_767,Small Business,South,Bengaluru,2024-09-10
C10767,Customer_768,Consumer,East,Bhubaneswar,2020-11-19
C10768,Customer_769,Consumer,East,Kolkata,2021-08-26
C10769,Customer_770,Consumer,North,Chandigarh,2021-11-15
C10770,Customer_771,Consumer,South,Chennai,2024-09-30
C10771,Customer_772,Consumer,North,Chandigarh,2021-08-28
C10772,Customer_773,Small Business,West,Ahmedabad,2020-10-01
C10773,Customer_774,Corporate,North,Chandigarh,2023-08-28
C10774,Customer_775,Small Business,West,Surat,2020-02-20
C10775,Customer_776,Consumer,East,Kolkata,2021-08-30
C10776,Customer_777,Corporate,North,Delhi,2021-02-17
C10777,Customer_778,Small Business,West,Ahmedabad,2022-12-17
C10778,Customer_779,Corporate,East,Guwahati,2025-04-21
C10779,Customer_780,Consumer,North,Jaipur,2021-08-12
C10780,Customer_781,Consumer,East,Kolkata,2023-09-19
C10781,Customer_782,Corporate,South,Bengaluru,2023-01-05
C10782,Customer_783,Consumer,West,Mumbai,2023-05-26
C10783,Customer_784,Small Business,West,Ahmedabad,2021-02-06
C10784,Customer_785,Consumer,South,Chennai,2024-12-19
C10785,Customer_786,Corporate,West,Ahmedabad,2020-12-31
C10786,Customer_787,Consumer,South,Kochi,2024-07-25
C10787,Customer_788,Small Business,East,Patna,2021-10-13
C10788,Customer_789,Corporate,North,Lucknow,2024-07-10
C10789,Customer_790,Consumer,South,Bengaluru,2022-04-02
C10790,Customer_791,Consumer,North,Jaipur,2020-07-26
C10791,Customer_792,Consumer,West,Pune,2025-03-16
C10792,Customer_793,Corporate,East,Kolkata,2022-09-17
C10793,Customer_794,Corporate,West,Surat,2021-12-28
C10794,Customer_795,Consumer,East,Patna,2022-11-25
C10795,Customer_796,Consumer,North,Lucknow,2020-07-22
C10796,Customer_797,Small Business,South,Chennai,2022-07-11
C10797,Customer_798,Corporate,South,Hyderabad,2020-03-23
C10798,Customer_799,Small Business,North,Chandigarh,2021-12-10
C10799,Customer_800,Consumer,North,Jaipur,2023-06-05
C10800,Customer_801,Small Business,West,Surat,2023-11-29
C10801,Customer_802,Consumer,East,Patna,2023-05-22
C10802,Customer_803,Consumer,East,Kolkata,2024-03-12
C10803,Customer_804,Corporate,West,Ahmedabad,2025-05-27
C10804,Customer_805,Small Business,North,Lucknow,2023-08-24
C10805,Customer_806,Corporate,West,Ahmedabad,2023-05-08
C10806,Customer_807,Consumer,South,Chennai,2022-09-11
C10807,Customer_808,Corporate,North,Chandigarh,2021-07-27
C10808,Customer_809,Small Business,North,Chandigarh,2022-11-28
C10809,Customer_810,Consumer,East,Guwahati,2020-05-24
C10810,Customer_811,Corporate,South,Hyderabad,2022-06-29
C10811,Customer_812,Consumer,East,Patna,2021-11-27
C10812,Customer_813,Consumer,South,Hyderabad,2021-06-08
C10813,Customer_814,Small Business,West,Pune,2023-10-06
C10814,Customer_815,Consumer,North,Jaipur,2023-06-11
C10815,Customer_816,Consumer,East,Patna,2023-04-19
C10816,Customer_817,Consumer,East,Kolkata,2020-10-18
C10817,Customer_818,Consumer,East,Bhubaneswar,2024-04-12
C10818,Customer_819,Consumer,West,Surat,2021-09-09
C10819,Customer_820,Consumer,South,Chennai,2025-02-17
C10820,Customer_821,Small Business,South,Hyderabad,2022-01-08
C10821,Customer_822,Consumer,North,Chandigarh,2021-12-25
C10822,Customer_823,Consumer,West,Mumbai,2023-01-25
C10823,Customer_824,Corporate,South,Chennai,2021-10-10
C10824,Customer_825,Consumer,East,Kolkata,2024-11-11
C10825,Customer_826,Consumer,East,Guwahati,2025-05-09
C10826,Customer_827,Consumer,East,Kolkata,2022-03-27
C10827,Customer_828,Small Business,West,Mumbai,2022-02-19
C10828,Customer_829,Corporate,North,Delhi,2022-10-16
C10829,Customer_830,Consumer,South,Hyderabad,2021-02-24
C10830,Customer_831,Consumer,East,Patna,2020-07-06
C10831,Customer_832,Consumer,West,Ahmedabad,2023-10-15
C10832,Customer_833,Consumer,East,Bhubaneswar,2025-06-30
C10833,Customer_834,Consumer,West,Pune,2024-07-10
C10834,Customer_835,Consumer,North,Jaipur,2021-06-21
C10835,Customer_836,Corporate,South,Bengaluru,2021-11-23
C10836,Customer_837,Corporate,North,Lucknow,2020-06-02
C10837,Customer_838,Small Business,East,Patna,2020-07-18
C10838,Customer_839,Corporate,North,Delhi,2020-03-21
C10839,Customer_840,Consumer,North,Delhi,2024-04-06
C10840,Customer_841,Consumer,North,Lucknow,2021-09-19
C10841,Customer_842,Consumer,South,Bengaluru,2021-02-17
C10842,Customer_843,Consumer,West,Pune,2021-03-05
C10843,Customer_844,Consumer,North,Lucknow,2021-03-11
C10844,Customer_845,Corporate,East,Bhubaneswar,2022-12-13
C10845,Customer_846,Corporate,South,Hyderabad,2023-04-24
C10846,Customer_847,Consumer,South,Bengaluru,2022-04-30
C10847,Customer_848,Consumer,East,Patna,2020-02-22
C10848,Customer_849,Small Business,North,Delhi,2025-07-16
C10849,Customer_850,Small Business,South,Bengaluru,2020-11-03
C10850,Customer_851,Corporate,North,Lucknow,2025-02-13
C10851,Customer_852,Consumer,West,Ahmedabad,2021-02-12
C10852,Customer_853,Small Business,South,Bengaluru,2024-01-15
C10853,Customer_854,Corporate,West,Surat,2021-01-24
C10854,Customer_855,Small Business,North,Delhi,2021-11-29
C10855,Customer_856,Small Business,West,Ahmedabad,2023-01-03
C10856,Customer_857,Small Business,North,Lucknow,2022-01-19
C10857,Customer_858,Consumer,North,Chandigarh,2025-02-12
C10858,Customer_859,Corporate,West,Surat,2025-05-12
C10859,Customer_860,Consumer,East,Bhubaneswar,2020-08-28
C10860,Customer_861,Consumer,South,Bengaluru,2025-05-31
C10861,Customer_862,Corporate,East,Bhubaneswar,2024-01-08
C10862,Customer_863,Consumer,North,Jaipur,2025-06-22
C10863,Customer_864,Consumer,North,Chandigarh,2020-09-16
C10864,Customer_865,Consumer,West,Ahmedabad,2022-07-06
C10865,Customer_866,Consumer,West,Mumbai,2022-10-15
C10866,Customer_867,Corporate,East,Patna,2024-04-25
C10867,Customer_868,Consumer,South,Bengaluru,2021-10-04
C10868,Customer_869,Small Business,East,Guwahati,2020-11-02
C10869,Customer_870,Consumer,East,Patna,2023-02-13
C10870,Customer_871,Corporate,North,Jaipur,2024-03-30
C10871,Customer_872,Consumer,East,Bhubaneswar,2024-12-24
C10872,Customer_873,Small Business,East,Kolkata,2025-01-05
C10873,Customer_874,Small Business,West,Mumbai,2020-03-13
C10874,Customer_875,Consumer,North,Chandigarh,2020-01-01
C10875,Customer_876,Small Business,North,Lucknow,2022-04-27
C10876,Customer_877,Consumer,East,Patna,2020-08-10
C10877,Customer_878,Consumer,South,Kochi,2025-04-21
C10878,Customer_879,Consumer,West,Surat,2022-06-27
C10879,Customer_880,Consumer,North,Lucknow,2023-04-10
C10880,Customer_881,Consumer,West,Mumbai,2021-11-03
C10881,Customer_882,Small Business,East,Bhubaneswar,2024-08-03
C10882,Customer_883,Corporate,North,Lucknow,2022-02-07
C10883,Customer_884,Consumer,North,Chandigarh,2022-02-19
C10884,Customer_885,Small Business,West,Mumbai,2020-07-09
C10885,Customer_886,Consumer,North,Chandigarh,2025-08-27
C10886,Customer_887,Consumer,South,Kochi,2020-07-17
C10887,Customer_888,Small Business,East,Guwahati,2021-12-26
C10888,Customer_889,Consumer,South,Chennai,2023-08-11
C10889,Customer_890,Small Business,East,Guwahati,2022-10-13
C10890,Customer_891,Small Business,West,Surat,2023-04-19
C10891,Customer_892,Consumer,East,Bhubaneswar,2025-09-29
C10892,Customer_893,Corporate,West,Ahmedabad,2022-06-09
C10893,Customer_894,Corporate,South,Chennai,2023-04-05
C10894,Customer_895,Small Business,West,Pune,2021-12-29
C10895,Customer_896,Small Business,West,Mumbai,2025-05-21
C10896,Customer_897,Small Business,East,Patna,2024-09-26
C10897,Customer_898,Consumer,North,Delhi,2021-08-18
C10898,Customer_899,Consumer,North,Delhi,2021-10-21
C10899,Customer_900,Consumer,West,Ahmedabad,2020-09-11
C10900,Customer_901,Small Business,West,Pune,2020-05-12
C10901,Customer_902,Consumer,West,Surat,2022-07-07
C10902,Customer_903,Consumer,East,Bhubaneswar,2023-03-24
C10903,Customer_904,Consumer,North,Chandigarh,2023-07-04
C10904,Customer_905,Corporate,North,Delhi,2022-04-11
C10905,Customer_906,Small Business,East,Bhubaneswar,2024-02-15
C10906,Customer_907,Consumer,South,Chennai,2021-12-27
C10907,Customer_908,Small Business,North,Jaipur,2021-05-03
C10908,Customer_909,Consumer,East,Kolkata,2022-12-18
C10909,Customer_910,Corporate,South,Chennai,2022-11-10
C10910,Customer_911,Consumer,North,Lucknow,2021-09-26
C10911,Customer_912,Small Business,North,Jaipur,2020-07-27
C10912,Customer_913,Small Business,West,Surat,2024-01-06
C10913,Customer_914,Consumer,North,Lucknow,2022-01-23
C10914,Customer_915,Consumer,North,Jaipur,2024-07-10
C10915,Customer_916,Consumer,North,Lucknow,2022-05-23
C10916,Customer_917,Consumer,West,Ahmedabad,2022-06-13
C10917,Customer_918,Consumer,East,Kolkata,2023-11-18
C10918,Customer_919,Small Business,East,Bhubaneswar,2022-09-25
C10919,Customer_920,Consumer,North,Lucknow,2021-04-09
C10920,Customer_921,Consumer,East,Patna,2023-03-04
C10921,Customer_922,Consumer,North,Lucknow,2025-09-14
C10922,Customer_923,Consumer,East,Guwahati,2022-02-27
C10923,Customer_924,Small Business,West,Mumbai,2021-11-16
C10924,Customer_925,Consumer,North,Delhi,2022-05-23
C10925,Customer_926,Consumer,East,Kolkata,2024-11-17
C10926,Customer_927,Consumer,North,Jaipur,2023-09-20
C10927,Customer_928,Consumer,North,Delhi,2021-12-30
C10928,Customer_929,Corporate,West,Mumbai,2022-07-21
C10929,Customer_930,Consumer,West,Surat,2024-07-14
C10930,Customer_931,Consumer,East,Patna,2021-04-29
C10931,Customer_932,Small Business,North,Delhi,2020-07-05
C10932,Customer_933,Small Business,North,Lucknow,2021-03-10
C10933,Customer_934,Corporate,West,Ahmedabad,2023-02-27
C10934,Customer_935,Consumer,East,Guwahati,2020-05-06
C10935,Customer_936,Consumer,East,Bhubaneswar,2021-07-12
C10936,Customer_937,Small Business,East,Patna,2021-08-13
C10937,Customer_938,Small Business,West,Ahmedabad,2020-02-15
C10938,Customer_939,Consumer,South,Bengaluru,2024-06-02
C10939,Customer_940,Consumer,North,Lucknow,2023-11-09
C10940,Customer_941,Small Business,South,Kochi,2025-09-30
C10941,Customer_942,Consumer,South,Chennai,2022-11-01
C10942,Customer_943,Consumer,South,Bengaluru,2020-08-10
C10943,Customer_944,Consumer,East,Kolkata,2020-10-02
C10944,Customer_945,Consumer,West,Mumbai,2025-06-18
C10945,Customer_946,Consumer,West,Ahmedabad,2022-08-18
C10946,Customer_947,Corporate,North,Lucknow,2022-03-03
C10947,Customer_948,Consumer,West,Surat,2023-06-06
C10948,Customer_949,Small Business,South,Hyderabad,2024-10-20
C10949,Customer_950,Consumer,South,Bengaluru,2022-06-26
C10950,Customer_951,Small Business,East,Patna,2021-07-04
C10951,Customer_952,Consumer,West,Surat,2024-01-09
C10952,Customer_953,Corporate,West,Surat,2021-12-20
C10953,Customer_954,Small Business,North,Lucknow,2021-07-27
C10954,Customer_955,Corporate,South,Hyderabad,2020-11-09
C10955,Customer_956,Small Business,North,Delhi,2020-05-07
C10956,Customer_957,Small Business,East,Bhubaneswar,2022-12-03
C10957,Customer_958,Consumer,East,Bhubaneswar,2022-07-03
C10958,Customer_959,Consumer,West,Pune,2025-09-21
C10959,Customer_960,Consumer,North,Chandigarh,2020-02-13
C10960,Customer_961,Small Business,South,Chennai,2021-07-28
C10961,Customer_962,Consumer,East,Bhubaneswar,2021-08-21
C10962,Customer_963,Consumer,East,Patna,2025-06-20
C10963,Customer_964,Consumer,South,Bengaluru,2022-08-16
C10964,Customer_965,Consumer,North,Jaipur,2024-01-19
C10965,Customer_966,Small Business,East,Guwahati,2020-07-09
C10966,Customer_967,Consumer,North,Lucknow,2023-01-25
C10967,Customer_968,Consumer,West,Pune,2024-03-30
C10968,Customer_969,Consumer,West,Mumbai,2024-03-21
C10969,Customer_970,Consumer,South,Kochi,2023-11-14
C10970,Customer_971,Small Business,East,Guwahati,2020-01-28
C10971,Customer_972,Consumer,South,Kochi,2020-11-11
C10972,Customer_973,Consumer,West,Pune,2021-10-06
C10973,Customer_974,Corporate,West,Mumbai,2024-08-25
C10974,Customer_975,Consumer,West,Mumbai,2025-05-15
C10975,Customer_976,Corporate,East,Bhubaneswar,2024-08-10
C10976,Customer_977,Consumer,North,Jaipur,2021-10-21
C10977,Customer_978,Small Business,South,Bengaluru,2021-08-24
C10978,Customer_979,Consumer,North,Jaipur,2022-01-07
C10979,Customer_980,Small Business,East,Kolkata,2023-03-07
C10980,Customer_981,Consumer,North,Jaipur,2025-04-14
C10981,Customer_982,Consumer,East,Bhubaneswar,2024-08-09
C10982,Customer_983,Corporate,South,Chennai,2025-09-23
C10983,Customer_984,Corporate,West,Pune,2023-11-04
C10984,Customer_985,Consumer,East,Kolkata,2024-04-27
C10985,Customer_986,Consumer,South,Bengaluru,2025-08-27
C10986,Customer_987,Corporate,East,Bhubaneswar,2021-12-27
C10987,Customer_988,Small Business,East,Kolkata,2025-08-23
C10988,Customer_989,Consumer,North,Delhi,2021-06-17
C10989,Customer_990,Consumer,North,Chandigarh,2024-02-26
C10990,Customer_991,Consumer,North,Chandigarh,2025-05-28
C10991,Customer_992,Corporate,East,Patna,2021-02-04
C10992,Customer_993,Consumer,East,Bhubaneswar,2022-08-10
C10993,Customer_994,Corporate,North,Lucknow,2024-07-31
C10994,Customer_995,Consumer,West,Pune,2020-01-30
C10995,Customer_996,Consumer,North,Delhi,2022-04-21
C10996,Customer_997,Consumer,West,Surat,2021-09-25
C10997,Customer_998,Consumer,East,Patna,2024-09-30
C10998,Customer_999,Small Business,West,Ahmedabad,2024-06-15
C10999,Customer_1000,Corporate,South,Kochi,2025-05-30
C11000,Customer_1001,Corporate,South,Hyderabad,2025-06-04
C11001,Customer_1002,Corporate,West,Ahmedabad,2024-06-18
C11002,Customer_1003,Corporate,South,Bengaluru,2025-01-03
C11003,Customer_1004,Consumer,South,Bengaluru,2024-06-28
C11004,Customer_1005,Consumer,West,Mumbai,2020-01-22
C11005,Customer_1006,Consumer,North,Jaipur,2024-11-18
C11006,Customer_1007,Consumer,North,Delhi,2024-02-27
C11007,Customer_1008,Corporate,North,Delhi,2024-06-29
C11008,Customer_1009,Small Business,West,Mumbai,2021-12-18
C11009,Customer_1010,Consumer,East,Guwahati,2023-03-17
C11010,Customer_1011,Small Business,South,Bengaluru,2025-09-22
C11011,Customer_1012,Corporate,South,Chennai,2024-01-13
C11012,Customer_1013,Small Business,South,Bengaluru,2020-12-21
C11013,Customer_1014,Consumer,West,Surat,2024-06-06
C11014,Customer_1015,Consumer,East,Bhubaneswar,2020-10-08
C11015,Customer_1016,Corporate,North,Lucknow,2023-11-26
C11016,Customer_1017,Consumer,West,Ahmedabad,2022-03-07
C11017,Customer_1018,Corporate,East,Guwahati,2022-12-05
C11018,Customer_1019,Consumer,South,Kochi,2020-10-23
C11019,Customer_1020,Small Business,West,Ahmedabad,2022-11-21
C11020,Customer_1021,Small Business,West,Surat,2025-06-03
C11021,Customer_1022,Small Business,South,Hyderabad,2025-02-22
C11022,Customer_1023,Consumer,East,Kolkata,2022-11-22
C11023,Customer_1024,Corporate,North,Chandigarh,2022-06-21
C11024,Customer_1025,Consumer,South,Hyderabad,2023-12-17
C11025,Customer_1026,Consumer,North,Lucknow,2021-01-15
C11026,Customer_1027,Consumer,East,Patna,2022-01-01
C11027,Customer_1028,Consumer,East,Patna,2023-01-07
C11028,Customer_1029,Consumer,South,Chennai,2022-03-28
C11029,Customer_1030,Small Business,South,Chennai,2022-04-26
C11030,Customer_1031,Small Business,South,Chennai,2023-12-29
C11031,Customer_1032,Consumer,South,Bengaluru,2020-11-17
C11032,Customer_1033,Small Business,East,Kolkata,2020-06-22
C11033,Customer_1034,Corporate,East,Patna,2025-07-09
C11034,Customer_1035,Consumer,West,Surat,2025-09-24
C11035,Customer_1036,Consumer,West,Surat,2021-06-09
C11036,Customer_1037,Consumer,North,Chandigarh,2020-05-13
C11037,Customer_1038,Small Business,West,Surat,2021-12-16
C11038,Customer_1039,Corporate,East,Kolkata,2025-02-27
C11039,Customer_1040,Consumer,West,Mumbai,2022-05-13
C11040,Customer_1041,Consumer,East,Kolkata,2022-11-29
C11041,Customer_1042,Consumer,South,Hyderabad,2025-04-14
C11042,Customer_1043,Consumer,West,Ahmedabad,2024-10-02
C11043,Customer_1044,Corporate,South,Kochi,2024-03-04
C11044,Customer_1045,Consumer,West,Surat,2022-01-06
C11045,Customer_1046,Small Business,South,Chennai,2023-01-10
C11046,Customer_1047,Small Business,South,Kochi,2022-03-14
C11047,Customer_1048,Consumer,South,Chennai,2020-02-09
C11048,Customer_1049,Consumer,South,Kochi,2023-07-17
C11049,Customer_1050,Consumer,East,Patna,2020-07-14
C11050,Customer_1051,Corporate,East,Kolkata,2020-09-02
C11051,Customer_1052,Consumer,South,Hyderabad,2021-01-29
C11052,Customer_1053,Consumer,East,Patna,2024-01-15
C11053,Customer_1054,Consumer,West,Ahmedabad,2021-05-11
C11054,Customer_1055,Corporate,West,Pune,2021-12-15
C11055,Customer_1056,Consumer,West,Ahmedabad,2025-09-21
C11056,Customer_1057,Small Business,East,Guwahati,2024-04-09
C11057,Customer_1058,Corporate,West,Surat,2021-08-16
C11058,Customer_1059,Consumer,South,Hyderabad,2024-07-15
C11059,Customer_1060,Consumer,North,Delhi,2022-07-23
C11060,Customer_1061,Corporate,West,Ahmedabad,2022-12-31
C11061,Customer_1062,Small Business,East,Patna,2024-01-27
C11062,Customer_1063,Consumer,East,Guwahati,2020-04-04
C11063,Customer_1064,Corporate,South,Chennai,2020-11-23
C11064,Customer_1065,Consumer,South,Chennai,2021-01-26
C11065,Customer_1066,Consumer,North,Chandigarh,2020-04-17
C11066,Customer_1067,Consumer,East,Kolkata,2021-09-28
C11067,Customer_1068,Consumer,North,Chandigarh,2022-10-10
C11068,Customer_1069,Corporate,West,Surat,2021-06-21
C11069,Customer_1070,Consumer,South,Bengaluru,2024-01-01
C11070,Customer_1071,Consumer,West,Surat,2023-01-20
C11071,Customer_1072,Small Business,East,Bhubaneswar,2021-12-26
C11072,Customer_1073,Consumer,East,Guwahati,2023-06-22
C11073,Customer_1074,Consumer,West,Surat,2021-01-01
C11074,Customer_1075,Consumer,East,Patna,2022-11-30
C11075,Customer_1076,Consumer,South,Hyderabad,2021-07-12
C11076,Customer_1077,Consumer,West,Ahmedabad,2020-02-04
C11077,Customer_1078,Consumer,East,Guwahati,2024-10-29
C11078,Customer_1079,Small Business,West,Pune,2024-03-10
C11079,Customer_1080,Small Business,South,Kochi,2024-11-25
C11080,Customer_1081,Consumer,East,Bhubaneswar,2024-05-15
C11081,Customer_1082,Consumer,East,Bhubaneswar,2024-09-25
C11082,Customer_1083,Consumer,South,Hyderabad,2023-01-06
C11083,Customer_1084,Small Business,East,Bhubaneswar,2022-01-17
C11084,Customer_1085,Consumer,South,Hyderabad,2025-02-08
C11085,Customer_1086,Corporate,East,Patna,2025-07-08
C11086,Customer_1087,Consumer,South,Hyderabad,2020-07-22
C11087,Customer_1088,Small Business,North,Jaipur,2023-03-01
C11088,Customer_1089,Corporate,West,Pune,2020-02-03
C11089,Customer_1090,Consumer,South,Bengaluru,2025-07-14
C11090,Customer_1091,Consumer,South,Hyderabad,2025-08-03
C11091,Customer_1092,Corporate,West,Surat,2020-05-09
C11092,Customer_1093,Small Business,West,Mumbai,2021-08-21
C11093,Customer_1094,Small Business,North,Lucknow,2020-10-19
C11094,Customer_1095,Consumer,East,Bhubaneswar,2022-10-21
C11095,Customer_1096,Consumer,East,Kolkata,2022-10-16
C11096,Customer_1097,Consumer,East,Guwahati,2020-05-17
C11097,Customer_1098,Corporate,South,Kochi,2021-01-19
C11098,Customer_1099,Consumer,South,Kochi,2023-07-02
C11099,Customer_1100,Corporate,West,Pune,2020-06-21
C11100,Customer_1101,Consumer,North,Lucknow,2023-05-08
C11101,Customer_1102,Small Business,South,Hyderabad,2022-06-11
C11102,Customer_1103,Corporate,North,Jaipur,2023-08-22
C11103,Customer_1104,Small Business,North,Jaipur,2021-05-05
C11104,Customer_1105,Consumer,East,Bhubaneswar,2020-06-21
C11105,Customer_1106,Consumer,East,Bhubaneswar,2021-01-01
C11106,Customer_1107,Consumer,South,Chennai,2023-10-18
C11107,Customer_1108,Consumer,North,Delhi,2021-09-22
C11108,Customer_1109,Consumer,North,Jaipur,2023-07-21
C11109,Customer_1110,Corporate,West,Surat,2020-03-28
C11110,Customer_1111,Corporate,East,Patna,2022-10-23
C11111,Customer_1112,Corporate,North,Chandigarh,2023-04-22
C11112,Customer_1113,Corporate,East,Bhubaneswar,2023-11-25
C11113,Customer_1114,Consumer,West,Surat,2021-10-18
C11114,Customer_1115,Consumer,North,Jaipur,2022-12-14
C11115,Customer_1116,Consumer,West,Surat,2025-09-03
C11116,Customer_1117,Small Business,East,Bhubaneswar,2024-01-31
C11117,Customer_1118,Corporate,South,Hyderabad,2024-05-06
C11118,Customer_1119,Small Business,South,Kochi,2021-09-23
C11119,Customer_1120,Consumer,West,Ahmedabad,2023-08-12
C11120,Customer_1121,Consumer,North,Delhi,2020-09-30
C11121,Customer_1122,Consumer,North,Jaipur,2020-05-08
C11122,Customer_1123,Consumer,South,Bengaluru,2021-02-08
C11123,Customer_1124,Corporate,North,Chandigarh,2022-11-14
C11124,Customer_1125,Consumer,North,Lucknow,2020-10-17
C11125,Customer_1126,Corporate,North,Jaipur,2020-11-23
C11126,Customer_1127,Consumer,East,Kolkata,2024-08-30
C11127,Customer_1128,Small Business,West,Mumbai,2022-12-24
C11128,Customer_1129,Small Business,North,Delhi,2020-11-15
C11129,Customer_1130,Consumer,South,Bengaluru,2022-08-04
C11130,Customer_1131,Consumer,East,Bhubaneswar,2022-10-15
C11131,Customer_1132,Corporate,South,Kochi,2024-01-06
C11132,Customer_1133,Small Business,East,Guwahati,2021-11-14
C11133,Customer_1134,Consumer,South,Kochi,2021-10-09
C11134,Customer_1135,Small Business,East,Patna,2023-08-22
C11135,Customer_1136,Small Business,West,Surat,2024-10-29
C11136,Customer_1137,Corporate,West,Pune,2022-05-26
C11137,Customer_1138,Consumer,East,Patna,2025-01-27
C11138,Customer_1139,Consumer,East,Guwahati,2020-05-21
C11139,Customer_1140,Consumer,West,Mumbai,2023-05-21
C11140,Customer_1141,Small Business,North,Lucknow,2022-05-29
C11141,Customer_1142,Small Business,West,Mumbai,2023-02-04
C11142,Customer_1143,Consumer,South,Bengaluru,2023-12-27
C11143,Customer_1144,Consumer,South,Chennai,2022-10-20
C11144,Customer_1145,Small Business,South,Hyderabad,2021-01-11
C11145,Customer_1146,Corporate,East,Bhubaneswar,2023-08-22
C11146,Customer_1147,Consumer,East,Bhubaneswar,2021-01-25
C11147,Customer_1148,Corporate,West,Mumbai,2024-04-11
C11148,Customer_1149,Small Business,North,Delhi,2023-10-01
C11149,Customer_1150,Consumer,West,Surat,2021-05-08
C11150,Customer_1151,Corporate,South,Bengaluru,2024-04-15
C11151,Customer_1152,Consumer,North,Lucknow,2023-07-31
C11152,Customer_1153,Consumer,South,Hyderabad,2022-06-23
C11153,Customer_1154,Corporate,South,Bengaluru,2024-05-28
C11154,Customer_1155,Consumer,East,Kolkata,2023-04-01
C11155,Customer_1156,Consumer,East,Bhubaneswar,2020-12-04
C11156,Customer_1157,Consumer,East,Kolkata,2022-12-11
C11157,Customer_1158,Consumer,North,Chandigarh,2021-06-18
C11158,Customer_1159,Corporate,South,Kochi,2025-06-21
C11159,Customer_1160,Corporate,East,Bhubaneswar,2022-10-05
C11160,Customer_1161,Consumer,South,Bengaluru,2024-10-27
C11161,Customer_1162,Consumer,West,Mumbai,2024-08-21
C11162,Customer_1163,Consumer,East,Patna,2023-08-06
C11163,Customer_1164,Small Business,West,Mumbai,2021-11-24
C11164,Customer_1165,Corporate,West,Surat,2024-12-09
C11165,Customer_1166,Consumer,North,Jaipur,2024-03-11
C11166,Customer_1167,Consumer,South,Bengaluru,2020-08-11
C11167,Customer_1168,Small Business,South,Chennai,2023-03-24
C11168,Customer_1169,Corporate,North,Lucknow,2021-03-31
C11169,Customer_1170,Consumer,West,Surat,2023-09-21
C11170,Customer_1171,Consumer,South,Chennai,2022-11-25
C11171,Customer_1172,Corporate,East,Bhubaneswar,2020-03-16
C11172,Customer_1173,Consumer,East,Kolkata,2020-09-03
C11173,Customer_1174,Small Business,West,Pune,2023-01-16
C11174,Customer_1175,Corporate,North,Chandigarh,2020-02-04
C11175,Customer_1176,Corporate,North,Chandigarh,2024-01-15
C11176,Customer_1177,Consumer,North,Delhi,2024-05-02
C11177,Customer_1178,Consumer,South,Kochi,2021-02-11
C11178,Customer_1179,Small Business,West,Surat,2020-12-26
C11179,Customer_1180,Consumer,South,Chennai,2025-02-18
C11180,Customer_1181,Consumer,North,Delhi,2023-06-02
C11181,Customer_1182,Consumer,West,Surat,2021-10-05
C11182,Customer_1183,Corporate,North,Lucknow,2023-12-26
C11183,Customer_1184,Small Business,West,Pune,2025-08-15
C11184,Customer_1185,Corporate,West,Mumbai,2024-05-04
C11185,Customer_1186,Consumer,North,Lucknow,2023-10-31
C11186,Customer_1187,Consumer,East,Bhubaneswar,2024-04-14
C11187,Customer_1188,Consumer,South,Kochi,2021-09-17
C11188,Customer_1189,Small Business,East,Patna,2023-09-10
C11189,Customer_1190,Consumer,East,Bhubaneswar,2021-07-21
C11190,Customer_1191,Consumer,South,Chennai,2021-07-07
C11191,Customer_1192,Corporate,East,Bhubaneswar,2021-10-09
C11192,Customer_1193,Corporate,West,Mumbai,2021-04-29
C11193,Customer_1194,Small Business,South,Hyderabad,2021-08-19
C11194,Customer_1195,Small Business,North,Lucknow,2024-08-22
C11195,Customer_1196,Consumer,East,Patna,2023-01-26
C11196,Customer_1197,Consumer,South,Chennai,2022-01-26
C11197,Customer_1198,Corporate,North,Lucknow,2022-08-03
C11198,Customer_1199,Corporate,South,Chennai,2024-01-11
C11199,Customer_1200,Consumer,North,Chandigarh,2025-04-04
C11200,Customer_1201,Small Business,West,Pune,2025-07-05
C11201,Customer_1202,Consumer,East,Bhubaneswar,2022-07-15
C11202,Customer_1203,Small Business,North,Chandigarh,2020-03-02
C11203,Customer_1204,Consumer,West,Surat,2022-04-10
C11204,Customer_1205,Consumer,South,Bengaluru,2024-12-04
C11205,Customer_1206,Small Business,East,Patna,2022-10-07
C11206,Customer_1207,Small Business,East,Guwahati,2024-04-07
C11207,Customer_1208,Corporate,West,Surat,2020-06-06
C11208,Customer_1209,Consumer,North,Chandigarh,2020-06-22
C11209,Customer_1210,Small Business,South,Kochi,2020-06-09
C11210,Customer_1211,Consumer,East,Kolkata,2024-12-05
C11211,Customer_1212,Small Business,East,Patna,2023-03-17
C11212,Customer_1213,Consumer,East,Bhubaneswar,2020-08-11
C11213,Customer_1214,Small Business,South,Kochi,2025-01-24
C11214,Customer_1215,Consumer,North,Delhi,2021-07-08
C11215,Customer_1216,Consumer,East,Guwahati,2020-04-12
C11216,Customer_1217,Corporate,South,Kochi,2022-04-07
C11217,Customer_1218,Consumer,East,Kolkata,2021-11-02
C11218,Customer_1219,Consumer,North,Delhi,2025-01-14
C11219,Customer_1220,Consumer,West,Mumbai,2024-04-22
C11220,Customer_1221,Corporate,South,Kochi,2020-06-28
C11221,Customer_1222,Corporate,South,Hyderabad,2021-09-06
C11222,Customer_1223,Consumer,South,Chennai,2020-07-29
C11223,Customer_1224,Consumer,East,Patna,2025-01-01
C11224,Customer_1225,Consumer,West,Pune,2021-06-22
C11225,Customer_1226,Corporate,South,Bengaluru,2022-11-02
C11226,Customer_1227,Consumer,North,Chandigarh,2025-08-04
C11227,Customer_1228,Consumer,North,Chandigarh,2025-05-02
C11228,Customer_1229,Consumer,East,Guwahati,2020-01-27
C11229,Customer_1230,Corporate,South,Hyderabad,2022-04-30
C11230,Customer_1231,Consumer,North,Jaipur,2023-11-30
C11231,Customer_1232,Small Business,North,Jaipur,2023-05-07
C11232,Customer_1233,Consumer,West,Mumbai,2024-09-03
C11233,Customer_1234,Corporate,South,Chennai,2021-12-27
C11234,Customer_1235,Small Business,East,Patna,2021-01-16
C11235,Customer_1236,Consumer,West,Ahmedabad,2024-04-01
C11236,Customer_1237,Small Business,North,Chandigarh,2020-09-22
C11237,Customer_1238,Consumer,West,Surat,2023-01-29
C11238,Customer_1239,Consumer,West,Surat,2022-05-06
C11239,Customer_1240,Corporate,North,Delhi,2020-12-25
C11240,Customer_1241,Consumer,East,Patna,2023-07-20
C11241,Customer_1242,Small Business,West,Ahmedabad,2025-07-26
C11242,Customer_1243,Small Business,East,Guwahati,2022-08-11
C11243,Customer_1244,Consumer,West,Pune,2020-04-08
C11244,Customer_1245,Corporate,East,Kolkata,2022-04-29
C11245,Customer_1246,Consumer,East,Guwahati,2023-12-03
C11246,Customer_1247,Corporate,South,Bengaluru,2023-02-27
C11247,Customer_1248,Consumer,West,Mumbai,2025-09-06
C11248,Customer_1249,Consumer,West,Mumbai,2023-09-27
C11249,Customer_1250,Corporate,West,Surat,2020-04-29
C11250,Customer_1251,Consumer,South,Chennai,2023-10-16
C11251,Customer_1252,Small Business,East,Guwahati,2021-07-10
C11252,Customer_1253,Corporate,East,Bhubaneswar,2023-10-04
C11253,Customer_1254,Small Business,East,Guwahati,2020-08-17
C11254,Customer_1255,Corporate,West,Ahmedabad,2020-03-17
C11255,Customer_1256,Small Business,South,Hyderabad,2023-12-19
C11256,Customer_1257,Consumer,North,Jaipur,2020-05-07
C11257,Customer_1258,Corporate,West,Surat,2021-11-10
C11258,Customer_1259,Corporate,East,Bhubaneswar,2023-06-16
C11259,Customer_1260,Consumer,West,Mumbai,2020-12-21
C11260,Customer_1261,Consumer,East,Bhubaneswar,2023-05-24
C11261,Customer_1262,Consumer,South,Hyderabad,2024-03-12
C11262,Customer_1263,Small Business,North,Jaipur,2024-12-22
C11263,Customer_1264,Small Business,North,Chandigarh,2021-09-23
C11264,Customer_1265,Small Business,South,Hyderabad,2023-06-25
C11265,Customer_1266,Small Business,West,Pune,2021-02-06
C11266,Customer_1267,Corporate,South,Chennai,2025-02-24
C11267,Customer_1268,Consumer,East,Kolkata,2020-06-29
C11268,Customer_1269,Consumer,North,Lucknow,2020-07-07
C11269,Customer_1270,Consumer,North,Lucknow,2023-07-02
C11270,Customer_1271,Consumer,South,Hyderabad,2023-03-19
C11271,Customer_1272,Small Business,West,Ahmedabad,2021-04-26
C11272,Customer_1273,Consumer,West,Pune,2021-04-13
C11273,Customer_1274,Consumer,North,Delhi,2023-12-05
C11274,Customer_1275,Consumer,West,Ahmedabad,2023-03-06
C11275,Customer_1276,Consumer,South,Chennai,2023-10-19
C11276,Customer_1277,Consumer,East,Kolkata,2025-04-12
C11277,Customer_1278,Consumer,North,Delhi,2020-12-18
C11278,Customer_1279,Consumer,East,Guwahati,2024-12-31
C11279,Customer_1280,Consumer,West,Ahmedabad,2022-03-22
C11280,Customer_1281,Corporate,North,Chandigarh,2021-01-15
C11281,Customer_1282,Consumer,East,Kolkata,2025-03-21
C11282,Customer_1283,Small Business,East,Bhubaneswar,2021-08-11
C11283,Customer_1284,Consumer,West,Ahmedabad,2023-09-15
C11284,Customer_1285,Consumer,West,Surat,2020-09-24
C11285,Customer_1286,Consumer,East,Kolkata,2025-03-04
C11286,Customer_1287,Small Business,South,Hyderabad,2021-06-05
C11287,Customer_1288,Small Business,North,Chandigarh,2021-03-14
C11288,Customer_1289,Small Business,West,Mumbai,2025-03-03
C11289,Customer_1290,Consumer,East,Guwahati,2022-09-25
C11290,Customer_1291,Consumer,South,Kochi,2023-10-27
C11291,Customer_1292,Small Business,South,Kochi,2024-11-18
C11292,Customer_1293,Consumer,West,Pune,2020-11-15
C11293,Customer_1294,Corporate,East,Kolkata,2025-03-11
C11294,Customer_1295,Small Business,West,Mumbai,2021-12-22
C11295,Customer_1296,Consumer,West,Surat,2021-03-21
C11296,Customer_1297,Consumer,East,Patna,2020-09-08
C11297,Customer_1298,Small Business,North,Jaipur,2020-01-01
C11298,Customer_1299,Consumer,South,Chennai,2023-04-08
C11299,Customer_1300,Consumer,East,Guwahati,2023-07-20
C11300,Customer_1301,Small Business,West,Ahmedabad,2024-11-15
C11301,Customer_1302,Corporate,West,Mumbai,2025-09-21
C11302,Customer_1303,Small Business,East,Bhubaneswar,2020-09-12
C11303,Customer_1304,Consumer,West,Mumbai,2024-01-11
C11304,Customer_1305,Small Business,North,Lucknow,2022-08-21
C11305,Customer_1306,Corporate,East,Guwahati,2024-04-16
C11306,Customer_1307,Consumer,East,Guwahati,2022-05-15
C11307,Customer_1308,Consumer,South,Kochi,2024-04-24
C11308,Customer_1309,Consumer,West,Surat,2021-05-29
C11309,Customer_1310,Consumer,South,Bengaluru,2020-03-05
C11310,Customer_1311,Corporate,South,Kochi,2021-07-10
C11311,Customer_1312,Corporate,North,Jaipur,2024-08-30
C11312,Customer_1313,Corporate,East,Guwahati,2025-02-04
C11313,Customer_1314,Consumer,East,Guwahati,2022-07-13
C11314,Customer_1315,Corporate,South,Kochi,2025-08-02
C11315,Customer_1316,Consumer,South,Hyderabad,2024-02-12
C11316,Customer_1317,Corporate,North,Delhi,2024-02-18
C11317,Customer_1318,Small Business,North,Chandigarh,2020-11-23
C11318,Customer_1319,Consumer,South,Hyderabad,2020-11-16
C11319,Customer_1320,Consumer,North,Jaipur,2020-11-15
C11320,Customer_1321,Small Business,West,Mumbai,2020-02-14
C11321,Customer_1322,Consumer,East,Guwahati,2025-04-05
C11322,Customer_1323,Consumer,West,Surat,2023-04-21
C11323,Customer_1324,Consumer,West,Pune,2023-05-30
C11324,Customer_1325,Corporate,West,Mumbai,2021-11-23
C11325,Customer_1326,Small Business,North,Lucknow,2020-04-21
C11326,Customer_1327,Consumer,West,Surat,2025-09-01
C11327,Customer_1328,Consumer,North,Lucknow,2023-02-24
C11328,Customer_1329,Consumer,West,Ahmedabad,2021-04-01
C11329,Customer_1330,Corporate,South,Chennai,2024-02-23
C11330,Customer_1331,Small Business,South,Hyderabad,2022-08-25
C11331,Customer_1332,Small Business,East,Bhubaneswar,2020-05-15
C11332,Customer_1333,Small Business,West,Mumbai,2021-09-23
C11333,Customer_1334,Small Business,East,Guwahati,2022-09-01
C11334,Customer_1335,Consumer,East,Bhubaneswar,2023-11-14
C11335,Customer_1336,Small Business,North,Lucknow,2021-04-20
C11336,Customer_1337,Consumer,North,Jaipur,2025-05-04
C11337,Customer_1338,Corporate,West,Surat,2022-08-15
C11338,Customer_1339,Consumer,East,Guwahati,2021-08-17
C11339,Customer_1340,Consumer,East,Kolkata,2025-01-12
C11340,Customer_1341,Small Business,East,Patna,2020-06-17
C11341,Customer_1342,Small Business,North,Lucknow,2024-11-03
C11342,Customer_1343,Consumer,West,Ahmedabad,2021-02-06
C11343,Customer_1344,Consumer,West,Surat,2022-09-17
C11344,Customer_1345,Corporate,South,Hyderabad,2022-01-06
C11345,Customer_1346,Corporate,West,Mumbai,2020-10-05
C11346,Customer_1347,Consumer,North,Chandigarh,2021-03-01
C11347,Customer_1348,Consumer,East,Patna,2023-03-06
C11348,Customer_1349,Consumer,West,Pune,2021-01-11
C11349,Customer_1350,Small Business,North,Jaipur,2021-05-13
C11350,Customer_1351,Small Business,North,Delhi,2021-06-16
C11351,Customer_1352,Small Business,East,Bhubaneswar,2022-01-24
C11352,Customer_1353,Consumer,West,Ahmedabad,2020-11-06
C11353,Customer_1354,Small Business,East,Patna,2023-08-17
C11354,Customer_1355,Small Business,West,Pune,2023-02-09
C11355,Customer_1356,Consumer,North,Chandigarh,2020-09-03
C11356,Customer_1357,Consumer,West,Ahmedabad,2020-10-11
C11357,Customer_1358,Corporate,East,Bhubaneswar,2021-12-31
C11358,Customer_1359,Consumer,East,Kolkata,2024-11-01
C11359,Customer_1360,Small Business,South,Bengaluru,2022-11-26
C11360,Customer_1361,Consumer,North,Delhi,2022-10-23
C11361,Customer_1362,Small Business,East,Kolkata,2021-09-01
C11362,Customer_1363,Corporate,North,Delhi,2022-12-27
C11363,Customer_1364,Small Business,South,Hyderabad,2020-01-16
C11364,Customer_1365,Consumer,East,Guwahati,2020-10-14
C11365,Customer_1366,Consumer,South,Bengaluru,2025-05-28
C11366,Customer_1367,Consumer,North,Lucknow,2023-05-25
C11367,Customer_1368,Corporate,East,Kolkata,2021-01-06
C11368,Customer_1369,Consumer,West,Ahmedabad,2025-02-25
C11369,Customer_1370,Consumer,West,Pune,2020-06-10
C11370,Customer_1371,Consumer,East,Bhubaneswar,2024-05-16
C11371,Customer_1372,Consumer,North,Lucknow,2024-11-28
C11372,Customer_1373,Consumer,South,Chennai,2020-04-13
C11373,Customer_1374,Consumer,South,Kochi,2023-06-14
C11374,Customer_1375,Small Business,East,Guwahati,2020-03-08
C11375,Customer_1376,Consumer,North,Lucknow,2020-06-24
C11376,Customer_1377,Consumer,East,Kolkata,2025-02-20
C11377,Customer_1378,Small Business,South,Chennai,2020-05-31
C11378,Customer_1379,Corporate,South,Kochi,2025-04-14
C11379,Customer_1380,Corporate,North,Jaipur,2021-06-18
C11380,Customer_1381,Corporate,North,Jaipur,2023-06-12
C11381,Customer_1382,Corporate,North,Chandigarh,2020-09-18
C11382,Customer_1383,Consumer,North,Delhi,2022-06-22
C11383,Customer_1384,Consumer,North,Jaipur,2024-07-04
C11384,Customer_1385,Small Business,West,Mumbai,2021-07-16
C11385,Customer_1386,Small Business,West,Pune,2021-12-11
C11386,Customer_1387,Consumer,West,Mumbai,2021-08-01
C11387,Customer_1388,Corporate,East,Bhubaneswar,2021-11-06
C11388,Customer_1389,Small Business,East,Bhubaneswar,2020-06-15
C11389,Customer_1390,Small Business,South,Bengaluru,2024-03-20
C11390,Customer_1391,Small Business,South,Bengaluru,2020-11-26
C11391,Customer_1392,Consumer,North,Delhi,2020-12-31
C11392,Customer_1393,Corporate,West,Surat,2025-05-03
C11393,Customer_1394,Consumer,South,Chennai,2023-01-14
C11394,Customer_1395,Consumer,East,Guwahati,2021-12-15
C11395,Customer_1396,Corporate,North,Jaipur,2020-12-26
C11396,Customer_1397,Consumer,West,Ahmedabad,2022-08-23
C11397,Customer_1398,Small Business,South,Bengaluru,2021-01-26
C11398,Customer_1399,Consumer,West,Pune,2022-05-02
C11399,Customer_1400,Consumer,West,Mumbai,2021-09-03
C11400,Customer_1401,Consumer,East,Guwahati,2020-06-25
C11401,Customer_1402,Consumer,North,Lucknow,2024-11-15
C11402,Customer_1403,Corporate,West,Ahmedabad,2025-01-30
C11403,Customer_1404,Corporate,North,Delhi,2021-12-21
C11404,Customer_1405,Consumer,South,Bengaluru,2021-04-20
C11405,Customer_1406,Corporate,North,Jaipur,2023-08-28
C11406,Customer_1407,Corporate,East,Bhubaneswar,2023-08-27
C11407,Customer_1408,Consumer,South,Bengaluru,2021-02-05
C11408,Customer_1409,Small Business,South,Kochi,2024-03-18
C11409,Customer_1410,Consumer,South,Bengaluru,2025-06-07
C11410,Customer_1411,Consumer,North,Chandigarh,2025-02-06
C11411,Customer_1412,Consumer,South,Kochi,2025-02-17
C11412,Customer_1413,Small Business,South,Hyderabad,2022-04-08
C11413,Customer_1414,Consumer,West,Pune,2020-09-01
C11414,Customer_1415,Consumer,West,Pune,2025-03-21
C11415,Customer_1416,Consumer,East,Guwahati,2023-11-08
C11416,Customer_1417,Corporate,South,Hyderabad,2021-11-27
C11417,Customer_1418,Consumer,South,Bengaluru,2025-06-26
C11418,Customer_1419,Small Business,South,Kochi,2023-02-17
C11419,Customer_1420,Corporate,North,Chandigarh,2022-10-07
C11420,Customer_1421,Consumer,South,Hyderabad,2022-06-29
C11421,Customer_1422,Consumer,South,Bengaluru,2020-06-30
C11422,Customer_1423,Corporate,North,Chandigarh,2025-08-27
C11423,Customer_1424,Consumer,North,Chandigarh,2025-05-17
C11424,Customer_1425,Consumer,North,Chandigarh,2020-12-06
C11425,Customer_1426,Small Business,North,Chandigarh,2021-06-27
C11426,Customer_1427,Consumer,West,Ahmedabad,2021-01-06
C11427,Customer_1428,Corporate,North,Chandigarh,2021-10-24
C11428,Customer_1429,Small Business,East,Kolkata,2025-03-14
C11429,Customer_1430,Consumer,South,Kochi,2024-02-26
C11430,Customer_1431,Small Business,East,Kolkata,2020-10-16
C11431,Customer_1432,Consumer,East,Patna,2023-04-29
C11432,Customer_1433,Corporate,East,Patna,2022-04-28
C11433,Customer_1434,Corporate,North,Lucknow,2020-08-12
C11434,Customer_1435,Consumer,West,Mumbai,2024-02-06
C11435,Customer_1436,Consumer,East,Kolkata,2021-12-18
C11436,Customer_1437,Consumer,North,Jaipur,2023-10-03
C11437,Customer_1438,Corporate,South,Bengaluru,2022-05-09
C11438,Customer_1439,Consumer,South,Hyderabad,2022-12-31
C11439,Customer_1440,Consumer,East,Patna,2024-03-07
C11440,Customer_1441,Consumer,West,Surat,2021-05-17
C11441,Customer_1442,Consumer,East,Patna,2024-02-16
C11442,Customer_1443,Small Business,North,Jaipur,2025-02-18
C11443,Customer_1444,Consumer,North,Delhi,2022-01-02
C11444,Customer_1445,Consumer,West,Mumbai,2023-02-04
C11445,Customer_1446,Consumer,North,Jaipur,2022-04-16
C11446,Customer_1447,Consumer,North,Lucknow,2021-06-24
C11447,Customer_1448,Consumer,East,Patna,2020-03-28
C11448,Customer_1449,Consumer,West,Pune,2022-08-09
C11449,Customer_1450,Corporate,West,Surat,2023-08-29
C11450,Customer_1451,Consumer,East,Guwahati,2021-06-24
C11451,Customer_1452,Small Business,West,Pune,2022-07-17
C11452,Customer_1453,Small Business,East,Patna,2020-07-12
C11453,Customer_1454,Consumer,South,Hyderabad,2021-11-12
C11454,Customer_1455,Consumer,South,Hyderabad,2021-12-19
C11455,Customer_1456,Consumer,South,Chennai,2020-06-17
C11456,Customer_1457,Consumer,West,Pune,2024-02-23
C11457,Customer_1458,Corporate,South,Chennai,2020-05-22
C11458,Customer_1459,Consumer,West,Ahmedabad,2025-01-10
C11459,Customer_1460,Consumer,South,Hyderabad,2020-04-12
C11460,Customer_1461,Small Business,East,Guwahati,2025-02-19
C11461,Customer_1462,Consumer,West,Pune,2025-09-09
C11462,Customer_1463,Consumer,West,Ahmedabad,2023-04-02
C11463,Customer_1464,Consumer,South,Kochi,2021-04-05
C11464,Customer_1465,Consumer,East,Kolkata,2021-04-23
C11465,Customer_1466,Consumer,West,Mumbai,2022-06-21
C11466,Customer_1467,Consumer,East,Patna,2020-08-13
C11467,Customer_1468,Small Business,South,Chennai,2023-02-12
C11468,Customer_1469,Consumer,South,Bengaluru,2024-12-29
C11469,Customer_1470,Consumer,North,Chandigarh,2023-07-25
C11470,Customer_1471,Consumer,North,Lucknow,2024-10-17
C11471,Customer_1472,Consumer,West,Surat,2023-03-11
C11472,Customer_1473,Consumer,West,Ahmedabad,2024-12-30
C11473,Customer_1474,Corporate,North,Jaipur,2024-12-24
C11474,Customer_1475,Consumer,East,Guwahati,2024-10-02
C11475,Customer_1476,Small Business,East,Bhubaneswar,2020-12-18
C11476,Customer_1477,Consumer,South,Chennai,2023-10-05
C11477,Customer_1478,Consumer,North,Chandigarh,2024-08-04
C11478,Customer_1479,Consumer,West,Surat,2025-03-07
C11479,Customer_1480,Consumer,South,Chennai,2024-04-12
C11480,Customer_1481,Consumer,West,Surat,2023-05-21
C11481,Customer_1482,Corporate,West,Surat,2025-03-13
C11482,Customer_1483,Small Business,South,Bengaluru,2021-09-22
C11483,Customer_1484,Small Business,West,Ahmedabad,2025-04-19
C11484,Customer_1485,Consumer,North,Lucknow,2025-07-07
C11485,Customer_1486,Consumer,South,Bengaluru,2023-02-09
C11486,Customer_1487,Corporate,East,Kolkata,2024-01-21
C11487,Customer_1488,Small Business,East,Guwahati,2025-05-03
C11488,Customer_1489,Consumer,North,Lucknow,2020-03-12
C11489,Customer_1490,Corporate,West,Pune,2021-08-21
C11490,Customer_1491,Small Business,West,Surat,2021-07-08
C11491,Customer_1492,Consumer,West,Pune,2024-01-19
C11492,Customer_1493,Consumer,East,Patna,2023-04-09
C11493,Customer_1494,Small Business,North,Jaipur,2022-01-20
C11494,Customer_1495,Consumer,North,Jaipur,2023-07-19
C11495,Customer_1496,Corporate,West,Ahmedabad,2024-01-24
C11496,Customer_1497,Small Business,North,Lucknow,2020-02-22
C11497,Customer_1498,Consumer,South,Hyderabad,2025-06-09
C11498,Customer_1499,Small Business,East,Patna,2021-10-29
C11499,Customer_1500,Consumer,North,Jaipur,2022-06-24
C11500,Customer_1501,Consumer,South,Bengaluru,2020-11-08
C11501,Customer_1502,Small Business,North,Jaipur,2025-05-18
C11502,Customer_1503,Corporate,West,Ahmedabad,2021-07-23
C11503,Customer_1504,Consumer,East,Patna,2023-06-01
C11504,Customer_1505,Consumer,North,Delhi,2021-08-06
C11505,Customer_1506,Consumer,South,Hyderabad,2021-06-17
C11506,Customer_1507,Corporate,North,Chandigarh,2021-04-02
C11507,Customer_1508,Small Business,North,Delhi,2024-11-01
C11508,Customer_1509,Consumer,North,Jaipur,2020-08-30
C11509,Customer_1510,Small Business,East,Kolkata,2020-06-26
C11510,Customer_1511,Corporate,North,Lucknow,2021-01-30
C11511,Customer_1512,Corporate,North,Jaipur,2022-03-30
C11512,Customer_1513,Consumer,South,Hyderabad,2021-08-19
C11513,Customer_1514,Consumer,West,Ahmedabad,2025-08-12
C11514,Customer_1515,Consumer,South,Bengaluru,2020-02-27
C11515,Customer_1516,Small Business,South,Chennai,2021-12-04
C11516,Customer_1517,Small Business,North,Delhi,2025-08-27
C11517,Customer_1518,Corporate,East,Patna,2022-01-28
C11518,Customer_1519,Consumer,East,Kolkata,2023-12-24
C11519,Customer_1520,Consumer,East,Guwahati,2022-07-21
C11520,Customer_1521,Small Business,East,Kolkata,2023-07-11
C11521,Customer_1522,Consumer,North,Chandigarh,2021-07-10
C11522,Customer_1523,Corporate,East,Patna,2020-06-15
C11523,Customer_1524,Consumer,North,Lucknow,2024-04-25
C11524,Customer_1525,Corporate,West,Surat,2023-07-01
C11525,Customer_1526,Corporate,East,Bhubaneswar,2023-04-05
C11526,Customer_1527,Small Business,East,Bhubaneswar,2025-05-02
C11527,Customer_1528,Consumer,West,Pune,2025-07-06
C11528,Customer_1529,Consumer,North,Chandigarh,2020-12-14
C11529,Customer_1530,Consumer,North,Jaipur,2021-02-20
C11530,Customer_1531,Consumer,South,Bengaluru,2022-03-26
C11531,Customer_1532,Corporate,West,Pune,2024-07-13
C11532,Customer_1533,Small Business,North,Jaipur,2025-08-06
C11533,Customer_1534,Small Business,West,Ahmedabad,2024-06-27
C11534,Customer_1535,Corporate,West,Surat,2024-07-14
C11535,Customer_1536,Consumer,East,Patna,2025-02-05
C11536,Customer_1537,Consumer,North,Delhi,2025-07-29
C11537,Customer_1538,Consumer,South,Chennai,2020-08-04
C11538,Customer_1539,Corporate,North,Chandigarh,2022-01-03
C11539,Customer_1540,Consumer,East,Patna,2021-01-29
C11540,Customer_1541,Small Business,North,Chandigarh,2022-04-07
C11541,Customer_1542,Consumer,West,Surat,2022-12-07
C11542,Customer_1543,Small Business,West,Mumbai,2020-05-09
C11543,Customer_1544,Consumer,East,Kolkata,2023-07-12
C11544,Customer_1545,Consumer,East,Guwahati,2020-05-14
C11545,Customer_1546,Small Business,South,Hyderabad,2021-11-03
C11546,Customer_1547,Consumer,East,Guwahati,2024-05-12
C11547,Customer_1548,Corporate,East,Kolkata,2025-07-02
C11548,Customer_1549,Corporate,East,Guwahati,2021-10-02
C11549,Customer_1550,Consumer,North,Chandigarh,2024-03-27
C11550,Customer_1551,Consumer,West,Ahmedabad,2020-04-25
C11551,Customer_1552,Small Business,North,Jaipur,2023-11-29
C11552,Customer_1553,Consumer,North,Lucknow,2024-10-19
C11553,Customer_1554,Consumer,West,Ahmedabad,2020-08-19
C11554,Customer_1555,Consumer,South,Chennai,2023-07-02
C11555,Customer_1556,Small Business,North,Delhi,2021-04-13
C11556,Customer_1557,Consumer,West,Pune,2023-08-28
C11557,Customer_1558,Corporate,North,Chandigarh,2024-09-26
C11558,Customer_1559,Consumer,East,Patna,2025-04-07
C11559,Customer_1560,Consumer,North,Lucknow,2024-05-17
C11560,Customer_1561,Small Business,West,Mumbai,2021-02-13
C11561,Customer_1562,Consumer,South,Hyderabad,2023-10-22
C11562,Customer_1563,Consumer,South,Hyderabad,2024-11-20
C11563,Customer_1564,Corporate,South,Kochi,2020-11-04
C11564,Customer_1565,Consumer,South,Hyderabad,2023-05-02
C11565,Customer_1566,Corporate,East,Bhubaneswar,2021-01-11
C11566,Customer_1567,Consumer,North,Lucknow,2025-04-30
C11567,Customer_1568,Consumer,East,Bhubaneswar,2020-11-10
C11568,Customer_1569,Consumer,West,Ahmedabad,2023-07-07
C11569,Customer_1570,Consumer,South,Kochi,2025-01-30
C11570,Customer_1571,Corporate,South,Bengaluru,2022-02-03
C11571,Customer_1572,Corporate,East,Bhubaneswar,2025-03-29
C11572,Customer_1573,Small Business,West,Surat,2020-09-02
C11573,Customer_1574,Consumer,South,Hyderabad,2022-09-11
C11574,Customer_1575,Small Business,South,Hyderabad,2024-08-07
C11575,Customer_1576,Corporate,West,Mumbai,2024-08-16
C11576,Customer_1577,Corporate,West,Ahmedabad,2022-11-16
C11577,Customer_1578,Consumer,South,Kochi,2021-09-06
C11578,Customer_1579,Consumer,South,Bengaluru,2023-06-25
C11579,Customer_1580,Corporate,East,Guwahati,2024-11-21
C11580,Customer_1581,Consumer,East,Kolkata,2023-01-22
C11581,Customer_1582,Consumer,South,Bengaluru,2023-02-11
C11582,Customer_1583,Small Business,South,Bengaluru,2025-06-13
C11583,Customer_1584,Small Business,North,Delhi,2020-12-09
C11584,Customer_1585,Small Business,West,Ahmedabad,2024-07-25
C11585,Customer_1586,Consumer,West,Mumbai,2021-07-29
C11586,Customer_1587,Corporate,South,Bengaluru,2025-08-11
C11587,Customer_1588,Consumer,North,Lucknow,2021-01-04
C11588,Customer_1589,Small Business,South,Bengaluru,2023-07-07
C11589,Customer_1590,Small Business,West,Surat,2022-08-24
C11590,Customer_1591,Consumer,East,Bhubaneswar,2021-12-18
C11591,Customer_1592,Consumer,South,Hyderabad,2022-11-07
C11592,Customer_1593,Consumer,North,Chandigarh,2021-04-07
C11593,Customer_1594,Consumer,West,Surat,2022-10-06
C11594,Customer_1595,Consumer,West,Pune,2024-02-15
C11595,Customer_1596,Corporate,West,Mumbai,2020-05-22
C11596,Customer_1597,Consumer,North,Jaipur,2024-04-24
C11597,Customer_1598,Small Business,West,Ahmedabad,2021-05-14
C11598,Customer_1599,Consumer,South,Kochi,2024-05-28
C11599,Customer_1600,Consumer,West,Ahmedabad,2022-08-22
C11600,Customer_1601,Small Business,West,Pune,2021-10-18
C11601,Customer_1602,Small Business,East,Patna,2024-07-22
C11602,Customer_1603,Small Business,North,Lucknow,2025-07-06
C11603,Customer_1604,Small Business,East,Guwahati,2023-09-24
C11604,Customer_1605,Small Business,East,Kolkata,2022-12-04
C11605,Customer_1606,Consumer,North,Lucknow,2023-08-31
C11606,Customer_1607,Small Business,East,Kolkata,2022-01-22
C11607,Customer_1608,Consumer,East,Bhubaneswar,2022-03-30
C11608,Customer_1609,Corporate,West,Ahmedabad,2021-03-29
C11609,Customer_1610,Consumer,South,Chennai,2021-06-16
C11610,Customer_1611,Consumer,East,Patna,2021-06-30
C11611,Customer_1612,Corporate,West,Pune,2023-09-03
C11612,Customer_1613,Consumer,West,Pune,2024-02-14
C11613,Customer_1614,Small Business,South,Kochi,2022-07-08
C11614,Customer_1615,Small Business,North,Delhi,2022-07-25
C11615,Customer_1616,Consumer,North,Chandigarh,2021-11-22
C11616,Customer_1617,Corporate,North,Chandigarh,2022-12-01
C11617,Customer_1618,Small Business,South,Bengaluru,2021-11-27
C11618,Customer_1619,Corporate,North,Delhi,2024-11-17
C11619,Customer_1620,Consumer,East,Guwahati,2022-04-12
C11620,Customer_1621,Consumer,South,Hyderabad,2025-07-17
C11621,Customer_1622,Consumer,East,Bhubaneswar,2022-04-26
C11622,Customer_1623,Corporate,South,Hyderabad,2022-02-14
C11623,Customer_1624,Consumer,East,Bhubaneswar,2021-08-20
C11624,Customer_1625,Small Business,North,Lucknow,2022-08-22
C11625,Customer_1626,Consumer,East,Bhubaneswar,2025-02-19
C11626,Customer_1627,Consumer,North,Delhi,2023-08-17
C11627,Customer_1628,Corporate,East,Bhubaneswar,2024-09-29
C11628,Customer_1629,Consumer,West,Mumbai,2020-08-28
C11629,Customer_1630,Small Business,North,Lucknow,2025-04-12
C11630,Customer_1631,Consumer,West,Mumbai,2025-08-28
C11631,Customer_1632,Small Business,East,Patna,2024-02-28
C11632,Customer_1633,Corporate,South,Bengaluru,2022-12-02
C11633,Customer_1634,Small Business,South,Kochi,2025-04-01
C11634,Customer_1635,Consumer,South,Bengaluru,2024-11-08
C11635,Customer_1636,Consumer,South,Hyderabad,2020-06-29
C11636,Customer_1637,Small Business,South,Kochi,2023-02-24
C11637,Customer_1638,Consumer,West,Surat,2022-12-14
C11638,Customer_1639,Consumer,West,Ahmedabad,2021-11-06
C11639,Customer_1640,Small Business,West,Surat,2021-09-11
C11640,Customer_1641,Consumer,East,Kolkata,2020-08-11
C11641,Customer_1642,Consumer,South,Chennai,2022-12-01
C11642,Customer_1643,Consumer,South,Kochi,2025-07-20
C11643,Customer_1644,Consumer,North,Chandigarh,2025-06-10
C11644,Customer_1645,Consumer,East,Guwahati,2021-08-29
C11645,Customer_1646,Consumer,North,Lucknow,2023-03-09
C11646,Customer_1647,Corporate,South,Chennai,2023-01-22
C11647,Customer_1648,Consumer,South,Bengaluru,2022-01-09
C11648,Customer_1649,Consumer,East,Kolkata,2025-08-02
C11649,Customer_1650,Consumer,North,Lucknow,2021-05-14
C11650,Customer_1651,Corporate,East,Patna,2021-03-10
C11651,Customer_1652,Consumer,West,Pune,2025-02-28
C11652,Customer_1653,Corporate,East,Guwahati,2023-01-08
C11653,Customer_1654,Small Business,North,Lucknow,2025-01-29
C11654,Customer_1655,Consumer,West,Pune,2020-07-18
C11655,Customer_1656,Small Business,West,Ahmedabad,2020-10-16
C11656,Customer_1657,Consumer,East,Kolkata,2021-12-30
C11657,Customer_1658,Consumer,South,Kochi,2022-05-02
C11658,Customer_1659,Small Business,South,Kochi,2023-03-13
C11659,Customer_1660,Consumer,South,Bengaluru,2024-11-05
C11660,Customer_1661,Consumer,West,Pune,2021-01-28
C11661,Customer_1662,Consumer,West,Pune,2024-05-08
C11662,Customer_1663,Corporate,East,Patna,2024-09-28
C11663,Customer_1664,Small Business,North,Chandigarh,2022-02-02
C11664,Customer_1665,Consumer,East,Guwahati,2023-10-31
C11665,Customer_1666,Corporate,East,Bhubaneswar,2021-09-27
C11666,Customer_1667,Consumer,East,Kolkata,2024-11-26
C11667,Customer_1668,Consumer,North,Chandigarh,2021-06-07
C11668,Customer_1669,Consumer,West,Pune,2023-04-25
C11669,Customer_1670,Small Business,North,Delhi,2021-03-16
C11670,Customer_1671,Consumer,East,Guwahati,2022-11-03
C11671,Customer_1672,Corporate,West,Ahmedabad,2025-08-24
C11672,Customer_1673,Corporate,North,Delhi,2025-03-10
C11673,Customer_1674,Small Business,South,Chennai,2020-07-04
C11674,Customer_1675,Small Business,North,Chandigarh,2023-05-04
C11675,Customer_1676,Small Business,West,Surat,2025-01-16
C11676,Customer_1677,Small Business,West,Ahmedabad,2022-02-05
C11677,Customer_1678,Consumer,South,Chennai,2022-11-28
C11678,Customer_1679,Consumer,North,Chandigarh,2020-01-24
C11679,Customer_1680,Consumer,East,Kolkata,2025-05-08
C11680,Customer_1681,Small Business,East,Guwahati,2025-06-16
C11681,Customer_1682,Corporate,West,Ahmedabad,2024-06-05
C11682,Customer_1683,Consumer,West,Mumbai,2020-02-26
C11683,Customer_1684,Small Business,South,Bengaluru,2022-02-09
C11684,Customer_1685,Consumer,North,Jaipur,2021-08-17
C11685,Customer_1686,Small Business,South,Kochi,2022-02-20
C11686,Customer_1687,Small Business,North,Lucknow,2021-08-29
C11687,Customer_1688,Consumer,East,Guwahati,2021-11-11
C11688,Customer_1689,Small Business,South,Kochi,2025-04-15
C11689,Customer_1690,Corporate,North,Chandigarh,2022-04-04
C11690,Customer_1691,Consumer,West,Surat,2020-02-02
C11691,Customer_1692,Small Business,North,Chandigarh,2025-07-23
C11692,Customer_1693,Consumer,West,Mumbai,2025-06-14
C11693,Customer_1694,Corporate,East,Bhubaneswar,2020-03-18
C11694,Customer_1695,Corporate,East,Patna,2023-01-02
C11695,Customer_1696,Consumer,East,Guwahati,2023-11-21
C11696,Customer_1697,Consumer,East,Guwahati,2023-03-25
C11697,Customer_1698,Consumer,South,Kochi,2022-08-08
C11698,Customer_1699,Small Business,South,Hyderabad,2025-04-02
C11699,Customer_1700,Corporate,South,Hyderabad,2024-05-17
C11700,Customer_1701,Small Business,East,Patna,2021-10-25
C11701,Customer_1702,Corporate,South,Hyderabad,2020-12-19
C11702,Customer_1703,Consumer,East,Bhubaneswar,2021-10-02
C11703,Customer_1704,Small Business,East,Kolkata,2025-07-15
C11704,Customer_1705,Consumer,West,Pune,2020-07-11
C11705,Customer_1706,Small Business,North,Lucknow,2024-01-02
C11706,Customer_1707,Small Business,South,Chennai,2025-08-24
C11707,Customer_1708,Consumer,North,Delhi,2021-04-11
C11708,Customer_1709,Corporate,South,Bengaluru,2025-06-15
C11709,Customer_1710,Small Business,West,Ahmedabad,2020-07-10
C11710,Customer_1711,Small Business,West,Pune,2021-03-02
C11711,Customer_1712,Small Business,North,Chandigarh,2021-03-30
C11712,Customer_1713,Small Business,North,Delhi,2020-06-20
C11713,Customer_1714,Corporate,North,Jaipur,2022-04-21
C11714,Customer_1715,Corporate,West,Pune,2024-12-13
C11715,Customer_1716,Consumer,East,Kolkata,2024-01-29
C11716,Customer_1717,Consumer,West,Pune,2022-04-06
C11717,Customer_1718,Small Business,East,Guwahati,2020-01-27
C11718,Customer_1719,Consumer,South,Kochi,2025-08-30
C11719,Customer_1720,Consumer,South,Bengaluru,2024-08-26
C11720,Customer_1721,Consumer,West,Pune,2024-09-23
C11721,Customer_1722,Small Business,South,Chennai,2024-08-20
C11722,Customer_1723,Small Business,East,Guwahati,2024-01-21
C11723,Customer_1724,Consumer,North,Chandigarh,2020-02-10
C11724,Customer_1725,Consumer,North,Delhi,2024-07-03
C11725,Customer_1726,Consumer,South,Kochi,2020-05-31
C11726,Customer_1727,Small Business,South,Bengaluru,2023-04-26
C11727,Customer_1728,Small Business,East,Guwahati,2023-05-31
C11728,Customer_1729,Consumer,West,Ahmedabad,2023-02-19
C11729,Customer_1730,Consumer,South,Kochi,2022-04-20
C11730,Customer_1731,Small Business,East,Patna,2024-07-14
C11731,Customer_1732,Consumer,South,Hyderabad,2023-10-02
C11732,Customer_1733,Consumer,East,Bhubaneswar,2023-03-08
C11733,Customer_1734,Consumer,South,Bengaluru,2023-07-02
C11734,Customer_1735,Consumer,West,Pune,2022-11-25
C11735,Customer_1736,Corporate,South,Hyderabad,2025-08-31
C11736,Customer_1737,Small Business,North,Delhi,2022-11-29
C11737,Customer_1738,Consumer,West,Mumbai,2021-05-25
C11738,Customer_1739,Corporate,East,Patna,2020-01-22
C11739,Customer_1740,Small Business,East,Patna,2022-08-15
C11740,Customer_1741,Consumer,West,Ahmedabad,2021-07-27
C11741,Customer_1742,Consumer,East,Bhubaneswar,2022-02-27
C11742,Customer_1743,Consumer,West,Surat,2024-10-09
C11743,Customer_1744,Consumer,East,Kolkata,2024-10-06
C11744,Customer_1745,Consumer,South,Kochi,2020-11-15
C11745,Customer_1746,Corporate,West,Surat,2024-06-05
C11746,Customer_1747,Corporate,West,Surat,2024-12-07
C11747,Customer_1748,Small Business,East,Guwahati,2021-08-14
C11748,Customer_1749,Corporate,South,Kochi,2021-06-13
C11749,Customer_1750,Consumer,North,Jaipur,2020-05-13
C11750,Customer_1751,Small Business,South,Hyderabad,2021-05-01
C11751,Customer_1752,Consumer,East,Kolkata,2023-04-01
C11752,Customer_1753,Consumer,North,Jaipur,2023-06-02
C11753,Customer_1754,Consumer,West,Ahmedabad,2020-04-24
C11754,Customer_1755,Small Business,South,Chennai,2024-09-23
C11755,Customer_1756,Small Business,North,Lucknow,2022-06-02
C11756,Customer_1757,Consumer,South,Kochi,2023-11-29
C11757,Customer_1758,Consumer,North,Delhi,2023-06-22
C11758,Customer_1759,Small Business,East,Patna,2025-04-30
C11759,Customer_1760,Consumer,South,Chennai,2025-03-02
C11760,Customer_1761,Consumer,East,Guwahati,2023-08-25
C11761,Customer_1762,Consumer,North,Chandigarh,2024-06-07
C11762,Customer_1763,Small Business,West,Mumbai,2024-12-19
C11763,Customer_1764,Small Business,West,Mumbai,2020-04-11
C11764,Customer_1765,Corporate,West,Mumbai,2020-12-14
C11765,Customer_1766,Small Business,South,Bengaluru,2022-02-14
C11766,Customer_1767,Consumer,East,Kolkata,2022-01-06
C11767,Customer_1768,Small Business,North,Lucknow,2022-10-01
C11768,Customer_1769,Small Business,East,Kolkata,2023-08-05
C11769,Customer_1770,Consumer,East,Kolkata,2020-04-05
C11770,Customer_1771,Consumer,West,Surat,2020-04-08
C11771,Customer_1772,Consumer,West,Surat,2021-04-14
C11772,Customer_1773,Consumer,North,Jaipur,2022-01-18
C11773,Customer_1774,Consumer,West,Mumbai,2024-07-26
C11774,Customer_1775,Corporate,South,Bengaluru,2023-08-25
C11775,Customer_1776,Corporate,South,Bengaluru,2023-05-05
C11776,Customer_1777,Consumer,East,Kolkata,2024-08-17
C11777,Customer_1778,Consumer,West,Ahmedabad,2021-05-10
C11778,Customer_1779,Consumer,North,Jaipur,2022-08-26
C11779,Customer_1780,Small Business,East,Guwahati,2023-01-08
C11780,Customer_1781,Consumer,North,Lucknow,2024-07-25
C11781,Customer_1782,Consumer,North,Chandigarh,2022-08-15
C11782,Customer_1783,Corporate,North,Lucknow,2021-02-19
C11783,Customer_1784,Consumer,South,Chennai,2024-07-24
C11784,Customer_1785,Small Business,East,Kolkata,2025-08-11
C11785,Customer_1786,Consumer,South,Chennai,2021-11-19
C11786,Customer_1787,Small Business,South,Kochi,2025-01-24
C11787,Customer_1788,Small Business,North,Delhi,2023-03-30
C11788,Customer_1789,Consumer,South,Bengaluru,2025-05-29
C11789,Customer_1790,Small Business,West,Ahmedabad,2024-04-06
C11790,Customer_1791,Corporate,West,Pune,2025-09-21
C11791,Customer_1792,Consumer,West,Mumbai,2020-10-13
C11792,Customer_1793,Consumer,West,Mumbai,2021-05-18
C11793,Customer_1794,Small Business,South,Hyderabad,2022-05-13
C11794,Customer_1795,Corporate,West,Ahmedabad,2025-01-28
C11795,Customer_1796,Corporate,West,Pune,2023-08-10
C11796,Customer_1797,Consumer,West,Pune,2023-09-07
C11797,Customer_1798,Corporate,North,Jaipur,2020-01-09
C11798,Customer_1799,Small Business,East,Kolkata,2021-12-11
C11799,Customer_1800,Small Business,East,Guwahati,2020-11-28
C11800,Customer_1801,Small Business,North,Delhi,2024-12-28
C11801,Customer_1802,Small Business,North,Lucknow,2024-03-21
C11802,Customer_1803,Consumer,West,Surat,2020-02-04
C11803,Customer_1804,Consumer,North,Chandigarh,2022-03-01
C11804,Customer_1805,Consumer,East,Kolkata,2020-03-22
C11805,Customer_1806,Consumer,West,Ahmedabad,2023-05-26
C11806,Customer_1807,Small Business,South,Chennai,2024-01-26
C11807,Customer_1808,Consumer,North,Lucknow,2022-05-06
C11808,Customer_1809,Small Business,North,Jaipur,2024-06-10
C11809,Customer_1810,Corporate,North,Lucknow,2025-07-16
C11810,Customer_1811,Corporate,South,Chennai,2021-12-19
C11811,Customer_1812,Corporate,North,Jaipur,2021-06-05
C11812,Customer_1813,Small Business,West,Pune,2023-01-28
C11813,Customer_1814,Small Business,South,Bengaluru,2022-11-01
C11814,Customer_1815,Small Business,East,Kolkata,2020-07-31
C11815,Customer_1816,Small Business,West,Surat,2024-07-24
C11816,Customer_1817,Corporate,West,Mumbai,2025-03-26
C11817,Customer_1818,Consumer,East,Patna,2020-06-27
C11818,Customer_1819,Consumer,South,Bengaluru,2024-09-16
C11819,Customer_1820,Consumer,East,Patna,2022-03-08
C11820,Customer_1821,Small Business,West,Mumbai,2020-04-13
C11821,Customer_1822,Small Business,South,Kochi,2022-10-20
C11822,Customer_1823,Consumer,South,Chennai,2020-09-14
C11823,Customer_1824,Consumer,North,Delhi,2020-04-08
C11824,Customer_1825,Consumer,West,Ahmedabad,2025-04-23
C11825,Customer_1826,Small Business,South,Hyderabad,2023-09-28
C11826,Customer_1827,Small Business,South,Bengaluru,2024-12-01
C11827,Customer_1828,Corporate,North,Chandigarh,2020-12-16
C11828,Customer_1829,Consumer,North,Delhi,2020-09-23
C11829,Customer_1830,Small Business,South,Bengaluru,2024-12-15
C11830,Customer_1831,Corporate,North,Lucknow,2024-11-03
C11831,Customer_1832,Corporate,North,Delhi,2020-08-01
C11832,Customer_1833,Consumer,West,Surat,2024-08-10
C11833,Customer_1834,Consumer,South,Bengaluru,2025-03-16
C11834,Customer_1835,Consumer,East,Kolkata,2020-04-16
C11835,Customer_1836,Corporate,East,Patna,2021-03-18
C11836,Customer_1837,Corporate,North,Delhi,2020-10-03
C11837,Customer_1838,Corporate,South,Chennai,2022-11-15
C11838,Customer_1839,Consumer,West,Surat,2024-12-26
C11839,Customer_1840,Consumer,South,Chennai,2020-06-29
C11840,Customer_1841,Consumer,North,Jaipur,2024-11-20
C11841,Customer_1842,Corporate,West,Ahmedabad,2021-08-19
C11842,Customer_1843,Consumer,South,Kochi,2023-11-05
C11843,Customer_1844,Small Business,West,Ahmedabad,2021-08-15
C11844,Customer_1845,Consumer,North,Jaipur,2020-08-11
C11845,Customer_1846,Consumer,East,Patna,2022-03-31
C11846,Customer_1847,Consumer,South,Bengaluru,2025-05-02
C11847,Customer_1848,Small Business,East,Patna,2023-10-06
C11848,Customer_1849,Consumer,West,Surat,2021-03-05
C11849,Customer_1850,Consumer,East,Kolkata,2020-01-16
C11850,Customer_1851,Consumer,South,Chennai,2022-05-23
C11851,Customer_1852,Corporate,South,Kochi,2023-09-19
C11852,Customer_1853,Consumer,East,Bhubaneswar,2020-01-28
C11853,Customer_1854,Consumer,West,Mumbai,2020-05-02
C11854,Customer_1855,Consumer,North,Jaipur,2022-03-07
C11855,Customer_1856,Small Business,West,Mumbai,2022-03-26
C11856,Customer_1857,Consumer,South,Hyderabad,2022-12-09
C11857,Customer_1858,Small Business,South,Hyderabad,2022-10-04
C11858,Customer_1859,Consumer,South,Chennai,2022-12-08
C11859,Customer_1860,Small Business,North,Delhi,2021-07-16
C11860,Customer_1861,Consumer,East,Kolkata,2022-05-11
C11861,Customer_1862,Consumer,West,Surat,2024-03-05
C11862,Customer_1863,Small Business,South,Kochi,2020-09-24
C11863,Customer_1864,Small Business,North,Jaipur,2021-06-19
C11864,Customer_1865,Consumer,South,Chennai,2024-03-12
C11865,Customer_1866,Small Business,West,Surat,2022-09-28
C11866,Customer_1867,Small Business,North,Jaipur,2023-04-19
C11867,Customer_1868,Consumer,South,Hyderabad,2023-02-21
C11868,Customer_1869,Consumer,South,Kochi,2020-11-29
C11869,Customer_1870,Consumer,East,Kolkata,2024-05-08
C11870,Customer_1871,Consumer,West,Surat,2022-01-03
C11871,Customer_1872,Consumer,West,Ahmedabad,2025-06-02
C11872,Customer_1873,Consumer,East,Guwahati,2024-06-30
C11873,Customer_1874,Consumer,North,Jaipur,2022-04-11
C11874,Customer_1875,Consumer,East,Bhubaneswar,2023-06-07
C11875,Customer_1876,Corporate,East,Guwahati,2024-03-12
C11876,Customer_1877,Consumer,West,Mumbai,2020-12-10
C11877,Customer_1878,Consumer,West,Surat,2022-07-31
C11878,Customer_1879,Consumer,North,Chandigarh,2023-10-09
C11879,Customer_1880,Consumer,East,Guwahati,2024-08-02
C11880,Customer_1881,Consumer,West,Surat,2024-04-15
C11881,Customer_1882,Consumer,North,Jaipur,2022-12-23
C11882,Customer_1883,Small Business,North,Lucknow,2023-04-21
C11883,Customer_1884,Small Business,North,Lucknow,2021-02-07
C11884,Customer_1885,Consumer,North,Delhi,2022-03-31
C11885,Customer_1886,Corporate,West,Pune,2022-10-21
C11886,Customer_1887,Consumer,West,Ahmedabad,2021-07-18
C11887,Customer_1888,Small Business,West,Mumbai,2023-02-28
C11888,Customer_1889,Small Business,West,Surat,2020-02-18
C11889,Customer_1890,Small Business,East,Bhubaneswar,2022-07-21
C11890,Customer_1891,Consumer,South,Chennai,2025-04-03
C11891,Customer_1892,Small Business,East,Patna,2023-07-06
C11892,Customer_1893,Small Business,South,Kochi,2024-09-06
C11893,Customer_1894,Consumer,South,Kochi,2020-05-03
C11894,Customer_1895,Corporate,West,Pune,2021-06-09
C11895,Customer_1896,Consumer,West,Mumbai,2023-12-23
C11896,Customer_1897,Consumer,West,Pune,2024-07-10
C11897,Customer_1898,Corporate,West,Ahmedabad,2020-05-11
C11898,Customer_1899,Small Business,South,Chennai,2023-09-14
C11899,Customer_1900,Consumer,East,Guwahati,2024-05-19
C11900,Customer_1901,Consumer,North,Chandigarh,2021-03-20
C11901,Customer_1902,Corporate,West,Surat,2023-06-01
C11902,Customer_1903,Consumer,North,Jaipur,2021-12-28
C11903,Customer_1904,Consumer,North,Chandigarh,2022-03-26
C11904,Customer_1905,Consumer,North,Chandigarh,2022-08-12
C11905,Customer_1906,Consumer,West,Mumbai,2024-02-18
C11906,Customer_1907,Consumer,North,Jaipur,2024-08-09
C11907,Customer_1908,Small Business,East,Bhubaneswar,2021-06-12
C11908,Customer_1909,Corporate,East,Guwahati,2024-05-12
C11909,Customer_1910,Small Business,South,Chennai,2023-06-22
C11910,Customer_1911,Consumer,East,Guwahati,2023-06-25
C11911,Customer_1912,Consumer,South,Kochi,2020-01-31
C11912,Customer_1913,Consumer,South,Kochi,2024-06-23
C11913,Customer_1914,Small Business,South,Hyderabad,2025-07-03
C11914,Customer_1915,Corporate,East,Guwahati,2021-01-08
C11915,Customer_1916,Consumer,West,Surat,2023-05-03
C11916,Customer_1917,Consumer,East,Bhubaneswar,2022-01-05
C11917,Customer_1918,Consumer,East,Guwahati,2022-01-21
C11918,Customer_1919,Corporate,North,Chandigarh,2020-06-27
C11919,Customer_1920,Consumer,South,Chennai,2023-04-10
C11920,Customer_1921,Small Business,North,Jaipur,2024-08-11
C11921,Customer_1922,Consumer,North,Lucknow,2021-03-06
C11922,Customer_1923,Consumer,West,Surat,2022-11-01
C11923,Customer_1924,Consumer,South,Bengaluru,2020-10-26
C11924,Customer_1925,Consumer,East,Guwahati,2024-06-23
C11925,Customer_1926,Consumer,South,Kochi,2022-10-23
C11926,Customer_1927,Consumer,North,Jaipur,2025-03-16
C11927,Customer_1928,Consumer,East,Guwahati,2022-09-19
C11928,Customer_1929,Consumer,East,Bhubaneswar,2023-02-17
C11929,Customer_1930,Small Business,South,Chennai,2021-02-15
C11930,Customer_1931,Consumer,South,Hyderabad,2024-05-19
C11931,Customer_1932,Corporate,South,Bengaluru,2020-02-15
C11932,Customer_1933,Consumer,West,Pune,2021-12-29
C11933,Customer_1934,Small Business,South,Bengaluru,2022-06-04
C11934,Customer_1935,Small Business,East,Kolkata,2021-02-25
C11935,Customer_1936,Consumer,East,Patna,2020-01-20
C11936,Customer_1937,Small Business,North,Chandigarh,2022-10-19
C11937,Customer_1938,Consumer,West,Pune,2020-03-06
C11938,Customer_1939,Small Business,East,Kolkata,2023-10-12
C11939,Customer_1940,Consumer,South,Bengaluru,2021-01-30
C11940,Customer_1941,Consumer,South,Chennai,2025-09-30
C11941,Customer_1942,Consumer,North,Lucknow,2022-02-15
C11942,Customer_1943,Small Business,South,Kochi,2021-05-09
C11943,Customer_1944,Consumer,South,Chennai,2023-08-17
C11944,Customer_1945,Consumer,South,Bengaluru,2023-07-19
C11945,Customer_1946,Consumer,North,Chandigarh,2022-06-20
C11946,Customer_1947,Corporate,North,Lucknow,2024-02-20
C11947,Customer_1948,Small Business,North,Delhi,2024-08-10
C11948,Customer_1949,Small Business,West,Surat,2021-02-21
C11949,Customer_1950,Small Business,South,Hyderabad,2023-08-21
C11950,Customer_1951,Consumer,East,Bhubaneswar,2023-07-26
C11951,Customer_1952,Consumer,East,Kolkata,2025-01-12
C11952,Customer_1953,Consumer,East,Bhubaneswar,2020-02-24
C11953,Customer_1954,Corporate,South,Bengaluru,2021-05-23
C11954,Customer_1955,Corporate,West,Pune,2022-09-24
C11955,Customer_1956,Consumer,North,Delhi,2025-08-04
C11956,Customer_1957,Consumer,West,Pune,2022-04-17
C11957,Customer_1958,Small Business,North,Jaipur,2024-12-22
C11958,Customer_1959,Consumer,West,Pune,2020-06-11
C11959,Customer_1960,Small Business,East,Patna,2022-07-27
C11960,Customer_1961,Consumer,West,Ahmedabad,2020-08-09
C11961,Customer_1962,Corporate,South,Chennai,2024-04-11
C11962,Customer_1963,Consumer,West,Pune,2020-01-25
C11963,Customer_1964,Consumer,North,Chandigarh,2022-02-27
C11964,Customer_1965,Small Business,North,Jaipur,2021-05-29
C11965,Customer_1966,Corporate,North,Jaipur,2022-04-17
C11966,Customer_1967,Consumer,South,Bengaluru,2025-03-28
C11967,Customer_1968,Corporate,West,Pune,2022-09-30
C11968,Customer_1969,Corporate,East,Bhubaneswar,2023-05-26
C11969,Customer_1970,Small Business,West,Surat,2022-04-04
C11970,Customer_1971,Consumer,West,Surat,2024-01-12
C11971,Customer_1972,Consumer,East,Guwahati,2024-12-12
C11972,Customer_1973,Small Business,East,Guwahati,2025-05-28
C11973,Customer_1974,Consumer,North,Chandigarh,2020-12-06
C11974,Customer_1975,Corporate,West,Pune,2021-12-20
C11975,Customer_1976,Consumer,West,Surat,2025-01-31
C11976,Customer_1977,Corporate,West,Surat,2025-05-23
C11977,Customer_1978,Consumer,North,Lucknow,2025-04-06
C11978,Customer_1979,Small Business,South,Chennai,2020-01-18
C11979,Customer_1980,Consumer,North,Lucknow,2024-08-30
C11980,Customer_1981,Consumer,East,Patna,2023-06-14
C11981,Customer_1982,Small Business,North,Chandigarh,2021-05-24
C11982,Customer_1983,Consumer,East,Bhubaneswar,2024-11-22
C11983,Customer_1984,Consumer,West,Ahmedabad,2025-06-24
C11984,Customer_1985,Corporate,West,Mumbai,2024-10-02
C11985,Customer_1986,Consumer,South,Chennai,2024-01-20
C11986,Customer_1987,Consumer,North,Jaipur,2025-02-08
C11987,Customer_1988,Consumer,South,Hyderabad,2021-10-23
C11988,Customer_1989,Small Business,North,Delhi,2024-04-23
C11989,Customer_1990,Consumer,East,Kolkata,2022-02-12
C11990,Customer_1991,Small Business,East,Bhubaneswar,2022-11-01
C11991,Customer_1992,Corporate,West,Surat,2024-08-12
C11992,Customer_1993,Corporate,North,Delhi,2023-11-11
C11993,Customer_1994,Corporate,South,Hyderabad,2024-06-18
C11994,Customer_1995,Small Business,West,Mumbai,2025-07-07
C11995,Customer_1996,Consumer,North,Delhi,2024-09-07
C11996,Customer_1997,Corporate,East,Patna,2021-11-29
C11997,Customer_1998,Consumer,South,Hyderabad,2021-07-04
C11998,Customer_1999,Consumer,South,Kochi,2021-03-27
C11999,Customer_2000,Consumer,East,Bhubaneswar,2020-08-29
